url,price,price_text,currency,operation,property_type,neighborhood,city,state,built_m2,land_m2,publication_age,published_date,scraped_at,source_page
https://www.inmuebles24.com/propiedades/clasificado/veclcain-av-magdalena-40-col.-del-valle-norte-benito-juarez-150662459.html,680000,"MN 680,000",MXN,venta,Casa,Del Valle Norte,Benito Juárez,Ciudad de México,120.0,120.0,Publicado desde ayer,2026-07-29T19:59:39Z,2026-07-30T05:34:56.555274+00:00,https://www.inmuebles24.com/casas-en-venta-en-benito-juarez-ordenado-por-fechaonline-descendente.html.html
https://www.inmuebles24.com/propiedades/clasificado/veclcain-c.-don-juan-48-nativitas-benito-juarez-03500-ciudad-150663554.html,690000,"MN 690,000",MXN,venta,Casa,Nativitas,Benito Juárez,Ciudad de México,210.0,200.0,Publicado desde ayer,2026-07-29T21:21:33Z,2026-07-30T05:34:56.555274+00:00,https://www.inmuebles24.com/casas-en-venta-en-benito-juarez-ordenado-por-fechaonline-descendente.html.html
https://www.inmuebles24.com/propiedades/clasificado/veclcain-casa-adaptada-para-oficina-a-la-venta-letran-valle-150641397.html,16000000,"MN 16,000,000",MXN,venta,Casa,Letrán Valle,Benito Juárez,Ciudad de México,511.0,276.0,Publicado hace 3 días,2026-07-27T18:26:50Z,2026-07-30T05:34:56.555274+00:00,https://www.inmuebles24.com/casas-en-venta-en-benito-juarez-ordenado-por-fechaonline-descendente.html.html
https://www.inmuebles24.com/propiedades/clasificado/veclcain-casa-con-doble-construccion-en-colonia-del-valle-150641578.html,32000000,"MN 32,000,000",MXN,venta,Casa,Del Valle Centro,Benito Juárez,Ciudad de México,850.0,472.0,Publicado hace 3 días,2026-07-27T18:43Z,2026-07-30T05:34:56.555274+00:00,https://www.inmuebles24.com/casas-en-venta-en-benito-juarez-ordenado-por-fechaonline-descendente.html.html
https://www.inmuebles24.com/propiedades/clasificado/veclcain-casa-con-uso-mixto-en-portales-sur-ideal-para-150623680.html,8350000,"MN 8,350,000",MXN,venta,Casa,Portales Norte,Benito Juárez,Ciudad de México,220.0,103.0,Publicado hace 2 días,2026-07-24T20:25:32Z,2026-07-30T05:34:56.555274+00:00,https://www.inmuebles24.com/casas-en-venta-en-benito-juarez-ordenado-por-fechaonline-descendente.html.html
https://www.inmuebles24.com/propiedades/clasificado/veclcain-casa-de-141-m-sup2--con-4-recamaras-en-venta-en-ciudad-150662927.html,560000,"MN 560,000",MXN,venta,Casa,Ciudad de los Deportes,Benito Juárez,Ciudad de México,339.0,141.0,Publicado desde ayer,2026-07-29T20:39:55Z,2026-07-30T05:34:56.555274+00:00,https://www.inmuebles24.com/casas-en-venta-en-benito-juarez-ordenado-por-fechaonline-descendente.html.html
https://www.inmuebles24.com/propiedades/clasificado/veclcain-casa-de-152-m-sup2--con-2-recamaras-en-venta-en-san-150639838.html,552000,"MN 552,000",MXN,venta,Casa,San Simón Ticumac,Benito Juárez,Ciudad de México,152.0,152.0,Publicado hace 3 días,2026-07-27T16:58:21Z,2026-07-30T05:34:56.555274+00:00,https://www.inmuebles24.com/casas-en-venta-en-benito-juarez-ordenado-por-fechaonline-descendente.html.html
https://www.inmuebles24.com/propiedades/clasificado/veclcain-casa-de-1522-m-sup2--con-2-recamaras-en-venta-en-san-150655880.html,552000,"MN 552,000",MXN,venta,Casa,San Simón Ticumac,Benito Juárez,Ciudad de México,1522.0,1522.0,Publicado hace 2 días,2026-07-28T23:02:36Z,2026-07-30T05:34:56.555274+00:00,https://www.inmuebles24.com/casas-en-venta-en-benito-juarez-ordenado-por-fechaonline-descendente.html.html
https://www.inmuebles24.com/propiedades/clasificado/veclcain-casa-de-174-m-sup2--con-3-recamaras-en-venta-en-ermita-150639793.html,620000,"MN 620,000",MXN,venta,Casa,Ermita,Benito Juárez,Ciudad de México,320.0,174.0,Publicado hace 3 días,2026-07-27T16:55:23Z,2026-07-30T05:34:56.555274+00:00,https://www.inmuebles24.com/casas-en-venta-en-benito-juarez-ordenado-por-fechaonline-descendente.html.html
https://www.inmuebles24.com/propiedades/clasificado/veclcain-casa-de-179-m-sup2--con-3-recamaras-en-venta-en-150662828.html,700000,"MN 700,000",MXN,venta,Casa,Nativitas,Benito Juárez,Ciudad de México,858.0,179.0,Publicado desde ayer,2026-07-29T20:29:09Z,2026-07-30T05:34:56.555274+00:00,https://www.inmuebles24.com/casas-en-venta-en-benito-juarez-ordenado-por-fechaonline-descendente.html.html
https://www.inmuebles24.com/propiedades/clasificado/veclcain-casa-de-1792-m-sup2--con-3-recamaras-en-venta-en-150655720.html,700000,"MN 700,000",MXN,venta,Casa,Nativitas,Benito Juárez,Ciudad de México,3582.0,1792.0,Publicado hace 2 días,2026-07-28T22:43:32Z,2026-07-30T05:35:54.450820+00:00,https://www.inmuebles24.com/casas-en-venta-en-benito-juarez-ordenado-por-fechaonline-descendente.html.html
https://www.inmuebles24.com/propiedades/clasificado/veclcain-casa-de-2542-m-sup2--con-4-recamaras-en-venta-en-150655325.html,1000000,"MN 1,000,000",MXN,venta,Casa,Portales Sur,Benito Juárez,Ciudad de México,6112.0,2542.0,Publicado hace 2 días,2026-07-28T22:06:30Z,2026-07-30T05:35:54.450820+00:00,https://www.inmuebles24.com/casas-en-venta-en-benito-juarez-ordenado-por-fechaonline-descendente.html.html
https://www.inmuebles24.com/propiedades/clasificado/veclcain-casa-de-5092-m-sup2--con-4-recamaras-en-venta-en-150655184.html,857000,"MN 857,000",MXN,venta,Casa,Portales Norte,Benito Juárez,Ciudad de México,12222.0,5092.0,Publicado hace 2 días,2026-07-28T21:48:07Z,2026-07-30T05:35:54.450820+00:00,https://www.inmuebles24.com/casas-en-venta-en-benito-juarez-ordenado-por-fechaonline-descendente.html.html
https://www.inmuebles24.com/propiedades/clasificado/veclcain-casa-en-nativitas-de-179-m-sup2--con-3-recamaras-en-150639751.html,700000,"MN 700,000",MXN,venta,Casa,Nativitas,Benito Juárez,Ciudad de México,358.0,179.0,Publicado hace 3 días,2026-07-27T16:51:46Z,2026-07-30T05:35:54.450820+00:00,https://www.inmuebles24.com/casas-en-venta-en-benito-juarez-ordenado-por-fechaonline-descendente.html.html
https://www.inmuebles24.com/propiedades/clasificado/veclcain-casa-en-venta-en-del-valle-centro-150639985.html,10400000,"MN 10,400,000",MXN,venta,Casa,Del Valle Centro,Benito Juárez,Ciudad de México,163.0,48.0,Publicado hace 3 días,2026-07-27T17:13:39Z,2026-07-30T05:35:54.450820+00:00,https://www.inmuebles24.com/casas-en-venta-en-benito-juarez-ordenado-por-fechaonline-descendente.html.html
https://www.inmuebles24.com/propiedades/clasificado/veclcain-casa-en-venta-en-del-valle-sur-150655933.html,26000000,"MN 26,000,000",MXN,venta,Casa,Del Valle Sur,Benito Juárez,Ciudad de México,520.0,526.0,Publicado hace 2 días,2026-07-28T23:07:25Z,2026-07-30T05:35:54.450820+00:00,https://www.inmuebles24.com/casas-en-venta-en-benito-juarez-ordenado-por-fechaonline-descendente.html.html
https://www.inmuebles24.com/propiedades/clasificado/veclcain-casa-en-venta-en-letran-valle.-uso-habitacional.-150662441.html,13999000,"MN 13,999,000",MXN,venta,Casa,Letrán Valle,Benito Juárez,Ciudad de México,330.0,300.0,Publicado desde ayer,2026-07-29T19:57:39Z,2026-07-30T05:35:54.450820+00:00,https://www.inmuebles24.com/casas-en-venta-en-benito-juarez-ordenado-por-fechaonline-descendente.html.html
https://www.inmuebles24.com/propiedades/clasificado/veclcain-casa-en-venta-en-portales-150642848.html,9900000,"MN 9,900,000",MXN,venta,Casa,San Simón Ticumac,Benito Juárez,Ciudad de México,230.0,240.0,Publicado hace 3 días,2026-07-27T19:56:31Z,2026-07-30T05:35:54.450820+00:00,https://www.inmuebles24.com/casas-en-venta-en-benito-juarez-ordenado-por-fechaonline-descendente.html.html
https://www.inmuebles24.com/propiedades/clasificado/veclcain-casa-en-venta-en-san-jose-insurgentes-150642913.html,14500000,"MN 14,500,000",MXN,venta,Casa,San José Insurgentes,Benito Juárez,Ciudad de México,219.0,360.0,Publicado hace 3 días,2026-07-27T20:00:28Z,2026-07-30T05:35:54.450820+00:00,https://www.inmuebles24.com/casas-en-venta-en-benito-juarez-ordenado-por-fechaonline-descendente.html.html
https://www.inmuebles24.com/propiedades/clasificado/veclcain-casa-en-venta-letran-valle-150646821.html,13300000,"MN 13,300,000",MXN,venta,Casa,Letrán Valle,Benito Juárez,Ciudad de México,320.0,178.0,Publicado hace 3 días,2026-07-28T02:41:30Z,2026-07-30T05:35:54.450820+00:00,https://www.inmuebles24.com/casas-en-venta-en-benito-juarez-ordenado-por-fechaonline-descendente.html.html
https://www.inmuebles24.com/propiedades/clasificado/veclcain-casa-narvarte-poniente-150664146.html,18000000,"MN 18,000,000",MXN,venta,Casa,Narvarte Poniente,Benito Juárez,Ciudad de México,535.0,535.0,Publicado desde ayer,2026-07-29T22:24:59Z,2026-07-30T05:36:56.168374+00:00,https://www.inmuebles24.com/casas-en-venta-en-benito-juarez-ordenado-por-fechaonline-descendente.html.html
https://www.inmuebles24.com/propiedades/clasificado/veclcain-casa-remodelada-a-estrenar-3-rec-84-m-sup2-150656904.html,9600000,"MN 9,600,000",MXN,venta,Casa,Del Valle Centro,Benito Juárez,Ciudad de México,190.0,84.0,Publicado hace 2 días,2026-07-29T01:04Z,2026-07-30T05:36:56.168374+00:00,https://www.inmuebles24.com/casas-en-venta-en-benito-juarez-ordenado-por-fechaonline-descendente.html.html
https://www.inmuebles24.com/propiedades/clasificado/veclcain-casa-venta-150656518.html,11300000,"MN 11,300,000",MXN,venta,Casa,Narvarte Oriente,Benito Juárez,Ciudad de México,370.0,198.0,Publicado hace 2 días,2026-07-29T00:17:46Z,2026-07-30T05:36:56.168374+00:00,https://www.inmuebles24.com/casas-en-venta-en-benito-juarez-ordenado-por-fechaonline-descendente.html.html
https://www.inmuebles24.com/propiedades/clasificado/veclcain-departamento-en-postal-150650851.html,3366000,"MN 3,366,000",MXN,venta,Casa,Postal,Benito Juárez,Ciudad de México,,,Publicado hace 2 días,2026-07-28T16:00:33Z,2026-07-30T05:36:56.168374+00:00,https://www.inmuebles24.com/casas-en-venta-en-benito-juarez-ordenado-por-fechaonline-descendente.html.html
https://www.inmuebles24.com/propiedades/clasificado/veclcain-excelente-departamento-en-venta-en-del-valle-centro-b-150655330.html,7500000,"MN 7,500,000",MXN,venta,Casa,Del Valle Centro,Benito Juárez,Ciudad de México,120.0,120.0,Publicado hace 2 días,2026-07-28T22:08:03Z,2026-07-30T05:36:56.168374+00:00,https://www.inmuebles24.com/casas-en-venta-en-benito-juarez-ordenado-por-fechaonline-descendente.html.html
https://www.inmuebles24.com/propiedades/clasificado/veclcain-maria-162-nativitas-benito-juarez-03500-ciudad-de-150664150.html,600000,"MN 600,000",MXN,venta,Casa,Nativitas,Benito Juárez,Ciudad de México,200.0,180.0,Publicado desde ayer,2026-07-29T22:25:28Z,2026-07-30T05:36:56.168374+00:00,https://www.inmuebles24.com/casas-en-venta-en-benito-juarez-ordenado-por-fechaonline-descendente.html.html
https://www.inmuebles24.com/propiedades/clasificado/veclcain-necaxa-93-portales-norte-benito-juarez-03303-ciudad-150663627.html,680000,"MN 680,000",MXN,venta,Casa,Portales Norte,Benito Juárez,Ciudad de México,150.0,100.0,Publicado desde ayer,2026-07-29T21:29:27Z,2026-07-30T05:36:56.168374+00:00,https://www.inmuebles24.com/casas-en-venta-en-benito-juarez-ordenado-por-fechaonline-descendente.html.html
https://www.inmuebles24.com/propiedades/clasificado/veclcain-tu-refugio-de-amplitud-y-encanto-en-el-corazon-de-la-150654163.html,10475000,"MN 10,475,000",MXN,venta,Casa,Letrán Valle,Benito Juárez,Ciudad de México,364.0,127.0,Publicado hace 2 días,2026-07-28T20:12:34Z,2026-07-30T05:36:56.168374+00:00,https://www.inmuebles24.com/casas-en-venta-en-benito-juarez-ordenado-por-fechaonline-descendente.html.html
https://www.inmuebles24.com/propiedades/clasificado/veclcain-venta-casa-con-retorno-de-inversion-inmediato-alcaldia-150639679.html,14000000,"MN 14,000,000",MXN,venta,Casa,Miravalle,Benito Juárez,Ciudad de México,364.0,217.0,Publicado hace 3 días,2026-07-27T16:43:11Z,2026-07-30T05:36:56.168374+00:00,https://www.inmuebles24.com/casas-en-venta-en-benito-juarez-ordenado-por-fechaonline-descendente.html.html
https://www.inmuebles24.com/propiedades/clasificado/veclcapa-casa-super-exclusiva-una-joya-escondida-150650185.html,19950000,"MN 19,950,000",MXN,venta,Casa,San José Insurgentes,Benito Juárez,Ciudad de México,270.0,270.0,Publicado hace 2 días,2026-07-28T14:03:49Z,2026-07-30T05:36:56.168374+00:00,https://www.inmuebles24.com/casas-en-venta-en-benito-juarez-ordenado-por-fechaonline-descendente.html.html
https://www.inmuebles24.com/propiedades/clasificado/veclcain-av-emperadores-177-portales-nte-benito-juarez-03303-150622761.html,857000,"MN 857,000",MXN,venta,Casa,Portales Norte,Benito Juárez,Ciudad de México,1222.0,509.0,Publicado hace 6 días,2026-07-24T19:17:42Z,2026-07-30T05:37:54.352314+00:00,https://www.inmuebles24.com/casas-en-venta-en-benito-juarez-ordenado-por-fechaonline-descendente.html-pagina-2.html
https://www.inmuebles24.com/propiedades/clasificado/veclcain-c.-antillas-1111-portales-sur-benito-juarez-03300-150622680.html,1000000,"MN 1,000,000",MXN,venta,Casa,Portales Sur,Benito Juárez,Ciudad de México,611.0,254.0,Publicado hace 6 días,2026-07-24T19:09:34Z,2026-07-30T05:37:54.352314+00:00,https://www.inmuebles24.com/casas-en-venta-en-benito-juarez-ordenado-por-fechaonline-descendente.html-pagina-2.html
https://www.inmuebles24.com/propiedades/clasificado/veclcain-c.-cadiz-79-insurgentes-mixcoac-benito-juarez-03920-150622919.html,553000,"MN 553,000",MXN,venta,Casa,Insurgentes Mixcoac,Benito Juárez,Ciudad de México,260.0,194.0,Publicado hace 6 días,2026-07-24T19:27:29Z,2026-07-30T05:37:54.352314+00:00,https://www.inmuebles24.com/casas-en-venta-en-benito-juarez-ordenado-por-fechaonline-descendente.html-pagina-2.html
https://www.inmuebles24.com/propiedades/clasificado/veclcain-casa-de-130-m-sup2--con-4-recamaras-en-venta-en-150625413.html,830000,"MN 830,000",MXN,venta,Casa,Portales Norte,Benito Juárez,Ciudad de México,260.0,130.0,Publicado hace 6 días,2026-07-24T22:38:15Z,2026-07-30T05:37:54.352314+00:00,https://www.inmuebles24.com/casas-en-venta-en-benito-juarez-ordenado-por-fechaonline-descendente.html-pagina-2.html
https://www.inmuebles24.com/propiedades/clasificado/veclcain-casa-de-141-m-sup2--con-4-recamaras-en-venta-en-ciudad-150625500.html,560000,"MN 560,000",MXN,venta,Casa,Ciudad de los Deportes,Benito Juárez,Ciudad de México,339.0,141.0,Publicado hace 6 días,2026-07-24T22:46:43Z,2026-07-30T05:37:54.352314+00:00,https://www.inmuebles24.com/casas-en-venta-en-benito-juarez-ordenado-por-fechaonline-descendente.html-pagina-2.html
https://www.inmuebles24.com/propiedades/clasificado/veclcain-casa-de-194-m-sup2--con-3-recamaras-en-venta-en-150625345.html,553000,"MN 553,000",MXN,venta,Casa,Insurgentes Mixcoac,Benito Juárez,Ciudad de México,260.0,194.0,Publicado hace 6 días,2026-07-24T22:32:03Z,2026-07-30T05:37:54.352314+00:00,https://www.inmuebles24.com/casas-en-venta-en-benito-juarez-ordenado-por-fechaonline-descendente.html-pagina-2.html
https://www.inmuebles24.com/propiedades/clasificado/veclcain-casa-de-254-m-sup2--con-4-recamaras-en-venta-en-150622968.html,1000000,"MN 1,000,000",MXN,venta,Casa,Portales Sur,Benito Juárez,Ciudad de México,611.0,254.0,Publicado hace 6 días,2026-07-24T19:32:07Z,2026-07-30T05:37:54.352314+00:00,https://www.inmuebles24.com/casas-en-venta-en-benito-juarez-ordenado-por-fechaonline-descendente.html-pagina-2.html
https://www.inmuebles24.com/propiedades/clasificado/veclcain-casa-de-308-m-sup2--con-5-recamaras-en-venta-en-piedad-150621473.html,16000000,"MN 16,000,000",MXN,venta,Casa,Piedad Narvarte,Benito Juárez,Ciudad de México,543.0,308.0,Publicado hace 6 días,2026-07-24T17:47:42Z,2026-07-30T05:37:54.352314+00:00,https://www.inmuebles24.com/casas-en-venta-en-benito-juarez-ordenado-por-fechaonline-descendente.html-pagina-2.html
https://www.inmuebles24.com/propiedades/clasificado/veclcain-casa-de-321-m-sup2--con-4-recamaras-en-venta-en-letran-150625461.html,870000,"MN 870,000",MXN,venta,Casa,Letrán Valle,Benito Juárez,Ciudad de México,772.0,321.0,Publicado hace 6 días,2026-07-24T22:43:06Z,2026-07-30T05:37:54.352314+00:00,https://www.inmuebles24.com/casas-en-venta-en-benito-juarez-ordenado-por-fechaonline-descendente.html-pagina-2.html
https://www.inmuebles24.com/propiedades/clasificado/veclcain-casa-de-509-m-sup2--con-4-recamaras-en-venta-en-150624798.html,857000,"MN 857,000",MXN,venta,Casa,Portales Norte,Benito Juárez,Ciudad de México,1222.0,509.0,Publicado hace 6 días,2026-07-24T22:07:36Z,2026-07-30T05:37:54.352314+00:00,https://www.inmuebles24.com/casas-en-venta-en-benito-juarez-ordenado-por-fechaonline-descendente.html-pagina-2.html
https://www.inmuebles24.com/propiedades/clasificado/veclcain-casa-en-cerrada-elefantes-del-valle-sur-150634414.html,11500000,"MN 11,500,000",MXN,venta,Casa,Del Valle Sur,Benito Juárez,Ciudad de México,253.0,182.0,Publicado hace 4 días,2026-07-26T15:11:27Z,2026-07-30T05:38:50.748060+00:00,https://www.inmuebles24.com/casas-en-venta-en-benito-juarez-ordenado-por-fechaonline-descendente.html-pagina-2.html
https://www.inmuebles24.com/propiedades/clasificado/veclcain-casa-en-colonia-carmen-benito-juarez-150635019.html,9500000,"MN 9,500,000",MXN,venta,Casa,Del Carmen,Benito Juárez,Ciudad de México,160.0,200.0,Publicado hace 4 días,2026-07-26T20:10:07Z,2026-07-30T05:38:50.748060+00:00,https://www.inmuebles24.com/casas-en-venta-en-benito-juarez-ordenado-por-fechaonline-descendente.html-pagina-2.html
https://www.inmuebles24.com/propiedades/clasificado/veclcain-casa-en-del-valle-centro-150642568.html,17500000,"MN 17,500,000",MXN,venta,Casa,Del Valle Centro,Benito Juárez,Ciudad de México,342.0,579.0,Publicado hace 3 días,2026-07-27T19:41:12Z,2026-07-30T05:38:50.748060+00:00,https://www.inmuebles24.com/casas-en-venta-en-benito-juarez-ordenado-por-fechaonline-descendente.html-pagina-2.html
https://www.inmuebles24.com/propiedades/clasificado/veclcain-casa-en-del-valle-norte-150626163.html,8200000,"MN 8,200,000",MXN,venta,Casa,Del Valle Norte,Benito Juárez,Ciudad de México,180.0,180.0,Publicado hace 6 días,2026-07-24T23:51:04Z,2026-07-30T05:38:50.748060+00:00,https://www.inmuebles24.com/casas-en-venta-en-benito-juarez-ordenado-por-fechaonline-descendente.html-pagina-2.html
https://www.inmuebles24.com/propiedades/clasificado/veclcain-casa-en-venta-colonia-narvarte-oriente-benito-150612218.html,10500000,"MN 10,500,000",MXN,venta,Casa,Narvarte Oriente,Benito Juárez,Ciudad de México,192.0,215.0,Publicado hace 7 días,2026-07-23T22:03:08Z,2026-07-30T05:38:50.748060+00:00,https://www.inmuebles24.com/casas-en-venta-en-benito-juarez-ordenado-por-fechaonline-descendente.html-pagina-2.html
https://www.inmuebles24.com/propiedades/clasificado/veclcain-casa-en-venta-en-benito-juarez-con-alberca-150640110.html,3500000,"MN 3,500,000",MXN,venta,Casa,,Benito Juárez,Ciudad de México,140.0,140.0,Publicado hace 3 días,2026-07-27T17:14:46Z,2026-07-30T05:38:50.748060+00:00,https://www.inmuebles24.com/casas-en-venta-en-benito-juarez-ordenado-por-fechaonline-descendente.html-pagina-2.html
https://www.inmuebles24.com/propiedades/clasificado/veclcain-casa-en-venta-en-extremadura-insurgentes-150619221.html,11900000,"MN 11,900,000",MXN,venta,Casa,Extremadura Insurgentes,Benito Juárez,Ciudad de México,279.0,229.0,Publicado hace 6 días,2026-07-24T15:53:35Z,2026-07-30T05:38:50.748060+00:00,https://www.inmuebles24.com/casas-en-venta-en-benito-juarez-ordenado-por-fechaonline-descendente.html-pagina-2.html
https://www.inmuebles24.com/propiedades/clasificado/veclcain-casa-en-venta-en-insurgentes-san-borja-150619216.html,22000000,"MN 22,000,000",MXN,venta,Casa,Insurgentes San Borja,Benito Juárez,Ciudad de México,450.0,275.0,Publicado hace 6 días,2026-07-24T15:53:11Z,2026-07-30T05:38:50.748060+00:00,https://www.inmuebles24.com/casas-en-venta-en-benito-juarez-ordenado-por-fechaonline-descendente.html-pagina-2.html
https://www.inmuebles24.com/propiedades/clasificado/veclcain-casa-en-venta-en-insurgentes-san-borja-benito-juarez-150617364.html,18000000,"MN 18,000,000",MXN,venta,Casa,Insurgentes San Borja,Benito Juárez,Ciudad de México,530.0,250.0,Publicado hace 7 días,2026-07-24T03:03:40Z,2026-07-30T05:38:50.748060+00:00,https://www.inmuebles24.com/casas-en-venta-en-benito-juarez-ordenado-por-fechaonline-descendente.html-pagina-2.html
https://www.inmuebles24.com/propiedades/clasificado/veclcain-casa-en-venta-en-insurgentes-san-borja-benito-juarez-150626411.html,18900000,"MN 18,900,000",MXN,venta,Casa,Insurgentes San Borja,Benito Juárez,Ciudad de México,501.0,319.0,Publicado hace 6 días,2026-07-25T00:31:43Z,2026-07-30T05:38:50.748060+00:00,https://www.inmuebles24.com/casas-en-venta-en-benito-juarez-ordenado-por-fechaonline-descendente.html-pagina-2.html
https://www.inmuebles24.com/propiedades/clasificado/veclcain-casa-en-venta-en-narvarte-oriente-150623485.html,8300000,"MN 8,300,000",MXN,venta,Casa,Narvarte Oriente,Benito Juárez,Ciudad de México,221.0,139.0,Publicado hace 6 días,2026-07-24T20:14:02Z,2026-07-30T05:40:01.210872+00:00,https://www.inmuebles24.com/casas-en-venta-en-benito-juarez-ordenado-por-fechaonline-descendente.html-pagina-2.html
https://www.inmuebles24.com/propiedades/clasificado/veclcain-casa-en-venta-en-vertiz-narvarte.-uso-habitacional.-150634943.html,14500000,"MN 14,500,000",MXN,venta,Casa,Vertiz Narvarte,Benito Juárez,Ciudad de México,387.0,329.0,Publicado hace 4 días,2026-07-26T19:41:36Z,2026-07-30T05:40:01.210872+00:00,https://www.inmuebles24.com/casas-en-venta-en-benito-juarez-ordenado-por-fechaonline-descendente.html-pagina-2.html
https://www.inmuebles24.com/propiedades/clasificado/veclcain-casa-venta-colonia-piedad-narvarte-benito-juarez-150616669.html,18950000,"MN 18,950,000",MXN,venta,Casa,Piedad Narvarte,Benito Juárez,Ciudad de México,362.0,313.0,Publicado hace 7 días,2026-07-24T01:43:13Z,2026-07-30T05:40:01.210872+00:00,https://www.inmuebles24.com/casas-en-venta-en-benito-juarez-ordenado-por-fechaonline-descendente.html-pagina-2.html
https://www.inmuebles24.com/propiedades/clasificado/veclcain-pablo-ucello-43-cd.-de-los-deportes-benito-juarez-150605488.html,560000,"MN 560,000",MXN,venta,Casa,San Juan,Benito Juárez,Ciudad de México,339.0,141.0,Publicado hace 6 días,2026-07-23T05:33:01Z,2026-07-30T05:40:01.210872+00:00,https://www.inmuebles24.com/casas-en-venta-en-benito-juarez-ordenado-por-fechaonline-descendente.html-pagina-2.html
https://www.inmuebles24.com/propiedades/clasificado/veclcain-pablo-ucello-43-cd.-de-los-deportes-benito-juarez-150623023.html,560000,"MN 560,000",MXN,venta,Casa,San Juan,Benito Juárez,Ciudad de México,339.0,141.0,Publicado hace 6 días,2026-07-24T19:37:14Z,2026-07-30T05:40:01.210872+00:00,https://www.inmuebles24.com/casas-en-venta-en-benito-juarez-ordenado-por-fechaonline-descendente.html-pagina-2.html
https://www.inmuebles24.com/propiedades/clasificado/veclcain-tenayuca-180-letran-valle-benito-juarez-03650-150622831.html,870000,"MN 870,000",MXN,venta,Casa,Letrán Valle,Benito Juárez,Ciudad de México,772.0,321.0,Publicado hace 6 días,2026-07-24T19:21:59Z,2026-07-30T05:40:01.210872+00:00,https://www.inmuebles24.com/casas-en-venta-en-benito-juarez-ordenado-por-fechaonline-descendente.html-pagina-2.html
https://www.inmuebles24.com/propiedades/clasificado/veclcain-tokio-928-portales-nte-benito-juarez-03300-ciudad-150625481.html,830000,"MN 830,000",MXN,venta,Casa,Portales Sur,Benito Juárez,Ciudad de México,260.0,130.0,Publicado hace 6 días,2026-07-24T22:44:54Z,2026-07-30T05:40:01.210872+00:00,https://www.inmuebles24.com/casas-en-venta-en-benito-juarez-ordenado-por-fechaonline-descendente.html-pagina-2.html
https://www.inmuebles24.com/propiedades/clasificado/veclcain-venta-de-casa-en-col-letran-valle-150642515.html,9999999,"MN 9,999,999",MXN,venta,Casa,Letrán Valle,Benito Juárez,Ciudad de México,284.0,264.0,Publicado hace 3 días,2026-07-27T19:40:59Z,2026-07-30T05:40:01.210872+00:00,https://www.inmuebles24.com/casas-en-venta-en-benito-juarez-ordenado-por-fechaonline-descendente.html-pagina-2.html
https://www.inmuebles24.com/propiedades/clasificado/veclcapa-casa-a-valor-de-terreno-en-letran-valle-257-m-sup2-150647044.html,14000000,"MN 14,000,000",MXN,venta,Casa,Letrán Valle,Benito Juárez,Ciudad de México,227.0,257.0,Publicado hace 3 días,2026-07-28T03:17:44Z,2026-07-30T05:40:01.210872+00:00,https://www.inmuebles24.com/casas-en-venta-en-benito-juarez-ordenado-por-fechaonline-descendente.html-pagina-2.html
https://www.inmuebles24.com/propiedades/clasificado/veclcapa-venta-de-casa-como-terreno-narvarte-324-m-sup2-150620391.html,15250000,"MN 15,250,000",MXN,venta,Casa,Narvarte Poniente,Benito Juárez,Ciudad de México,300.0,324.0,Publicado hace 6 días,2026-07-24T16:47Z,2026-07-30T05:40:01.210872+00:00,https://www.inmuebles24.com/casas-en-venta-en-benito-juarez-ordenado-por-fechaonline-descendente.html-pagina-2.html
https://www.inmuebles24.com/propiedades/clasificado/veclcain-c.-cadiz-79-insurgentes-mixcoac-benito-juarez-03920-150579763.html,553000,"MN 553,000",MXN,venta,Casa,Insurgentes Mixcoac,Benito Juárez,Ciudad de México,260.0,194.0,Publicado hace 10 días,2026-07-21T01:18:10Z,2026-07-30T05:41:03.366536+00:00,https://www.inmuebles24.com/casas-en-venta-en-benito-juarez-ordenado-por-fechaonline-descendente.html-pagina-3.html
https://www.inmuebles24.com/propiedades/clasificado/veclcain-c.-virginia-378-nativitas-benito-juarez-03500-150601404.html,700000,"MN 700,000",MXN,venta,Casa,Nativitas,Benito Juárez,Ciudad de México,358.0,179.0,Publicado hace 8 días,2026-07-22T21:31:09Z,2026-07-30T05:41:03.366536+00:00,https://www.inmuebles24.com/casas-en-venta-en-benito-juarez-ordenado-por-fechaonline-descendente.html-pagina-3.html
https://www.inmuebles24.com/propiedades/clasificado/veclcain-casa-con-uso-de-suelo-en-narvarte-benito-juarez-150599873.html,25000000,"MN 25,000,000",MXN,venta,Casa,Narvarte Poniente,Benito Juárez,Ciudad de México,1200.0,507.0,Publicado hace 8 días,2026-07-22T19:39:35Z,2026-07-30T05:41:03.366536+00:00,https://www.inmuebles24.com/casas-en-venta-en-benito-juarez-ordenado-por-fechaonline-descendente.html-pagina-3.html
https://www.inmuebles24.com/propiedades/clasificado/veclcain-casa-de-152-m-sup2--con-2-recamaras-en-venta-en-san-150598335.html,552000,"MN 552,000",MXN,venta,Casa,San Simón Ticumac,Benito Juárez,Ciudad de México,152.0,152.0,Publicado hace 8 días,2026-07-22T18:20:47Z,2026-07-30T05:41:03.366536+00:00,https://www.inmuebles24.com/casas-en-venta-en-benito-juarez-ordenado-por-fechaonline-descendente.html-pagina-3.html
https://www.inmuebles24.com/propiedades/clasificado/veclcain-casa-de-174-m-sup2--con-3-recamaras-en-venta-en-ermita-150598254.html,620000,"MN 620,000",MXN,venta,Casa,Ermita,Benito Juárez,Ciudad de México,320.0,174.0,Publicado hace 8 días,2026-07-22T18:14:54Z,2026-07-30T05:41:03.366536+00:00,https://www.inmuebles24.com/casas-en-venta-en-benito-juarez-ordenado-por-fechaonline-descendente.html-pagina-3.html
https://www.inmuebles24.com/propiedades/clasificado/veclcain-casa-de-179-m-sup2--con-3-recamaras-en-venta-en-150598193.html,700000,"MN 700,000",MXN,venta,Casa,Nativitas,Benito Juárez,Ciudad de México,358.0,179.0,Publicado hace 8 días,2026-07-22T18:09:03Z,2026-07-30T05:41:03.366536+00:00,https://www.inmuebles24.com/casas-en-venta-en-benito-juarez-ordenado-por-fechaonline-descendente.html-pagina-3.html
https://www.inmuebles24.com/propiedades/clasificado/veclcain-casa-en-colonia-del-valle-centro-150617263.html,8200000,"MN 8,200,000",MXN,venta,Casa,Del Valle Centro,Benito Juárez,Ciudad de México,180.0,180.0,Publicado hace 7 días,2026-07-24T02:37:45Z,2026-07-30T05:41:03.366536+00:00,https://www.inmuebles24.com/casas-en-venta-en-benito-juarez-ordenado-por-fechaonline-descendente.html-pagina-3.html
https://www.inmuebles24.com/propiedades/clasificado/veclcain-casa-en-venta-en-credito-constructor-150608308.html,12800000,"MN 12,800,000",MXN,venta,Casa,Crédito Constructor,Benito Juárez,Ciudad de México,323.0,248.0,Publicado hace 7 días,2026-07-23T17:21:56Z,2026-07-30T05:41:03.366536+00:00,https://www.inmuebles24.com/casas-en-venta-en-benito-juarez-ordenado-por-fechaonline-descendente.html-pagina-3.html
https://www.inmuebles24.com/propiedades/clasificado/veclcain-casa-en-venta-en-del-valle-norte-150581961.html,8200000,"MN 8,200,000",MXN,venta,Casa,Del Valle Norte,Benito Juárez,Ciudad de México,180.0,55.0,Publicado hace 9 días,2026-07-21T06:09:55Z,2026-07-30T05:41:03.366536+00:00,https://www.inmuebles24.com/casas-en-venta-en-benito-juarez-ordenado-por-fechaonline-descendente.html-pagina-3.html
https://www.inmuebles24.com/propiedades/clasificado/veclcain-casa-en-venta-en-en-la-colonia-americas-unidas-en-150576447.html,7300000,"MN 7,300,000",MXN,venta,Casa,Américas Unidas,Benito Juárez,Ciudad de México,190.0,242.0,Publicado hace 10 días,2026-07-20T21:33:21Z,2026-07-30T05:41:03.366536+00:00,https://www.inmuebles24.com/casas-en-venta-en-benito-juarez-ordenado-por-fechaonline-descendente.html-pagina-3.html
https://www.inmuebles24.com/propiedades/clasificado/veclcain-casa-en-venta-en-la-colonia-del-valle-150602574.html,28000000,"MN 28,000,000",MXN,venta,Casa,Del Valle Sur,Benito Juárez,Ciudad de México,500.0,500.0,Publicado hace 8 días,2026-07-22T23:05:04Z,2026-07-30T05:42:06.604832+00:00,https://www.inmuebles24.com/casas-en-venta-en-benito-juarez-ordenado-por-fechaonline-descendente.html-pagina-3.html
https://www.inmuebles24.com/propiedades/clasificado/veclcain-casa-en-venta-en-la-colonia-vertiz-narvarte-en-la-150577377.html,25000000,"MN 25,000,000",MXN,venta,Casa,Vertiz Narvarte,Benito Juárez,Ciudad de México,396.0,425.0,Publicado hace 10 días,2026-07-20T22:38:39Z,2026-07-30T05:42:06.604832+00:00,https://www.inmuebles24.com/casas-en-venta-en-benito-juarez-ordenado-por-fechaonline-descendente.html-pagina-3.html
https://www.inmuebles24.com/propiedades/clasificado/veclcain-casa-venta-150584522.html,8800000,"MN 8,800,000",MXN,venta,Casa,San Pedro de los Pinos,Benito Juárez,Ciudad de México,245.0,245.0,Publicado hace 9 días,2026-07-21T15:26Z,2026-07-30T05:42:06.604832+00:00,https://www.inmuebles24.com/casas-en-venta-en-benito-juarez-ordenado-por-fechaonline-descendente.html-pagina-3.html
https://www.inmuebles24.com/propiedades/clasificado/veclcain-casa-venta-150586378.html,6000000,"MN 6,000,000",MXN,venta,Casa,Portales Sur,Benito Juárez,Ciudad de México,80.0,120.0,Publicado hace 9 días,2026-07-21T17:38:35Z,2026-07-30T05:42:06.604832+00:00,https://www.inmuebles24.com/casas-en-venta-en-benito-juarez-ordenado-por-fechaonline-descendente.html-pagina-3.html
https://www.inmuebles24.com/propiedades/clasificado/veclcain-fco.-belmar-r.-141-ermita-benito-juarez-03590-150601541.html,620000,"MN 620,000",MXN,venta,Casa,Ermita,Benito Juárez,Ciudad de México,320.0,174.0,Publicado hace 8 días,2026-07-22T21:41:30Z,2026-07-30T05:42:06.604832+00:00,https://www.inmuebles24.com/casas-en-venta-en-benito-juarez-ordenado-por-fechaonline-descendente.html-pagina-3.html
https://www.inmuebles24.com/propiedades/clasificado/veclcain-filipinas-191-san-simon-benito-juarez-03660-ciudad-150601455.html,552000,"MN 552,000",MXN,venta,Casa,San Simón Ticumac,Benito Juárez,Ciudad de México,152.0,152.0,Publicado hace 8 días,2026-07-22T21:34:51Z,2026-07-30T05:42:06.604832+00:00,https://www.inmuebles24.com/casas-en-venta-en-benito-juarez-ordenado-por-fechaonline-descendente.html-pagina-3.html
https://www.inmuebles24.com/propiedades/clasificado/veclcain-gran-oportunidad-de-casa-en-venta-150571793.html,18900000,"MN 18,900,000",MXN,venta,Casa,Letrán Valle,Benito Juárez,Ciudad de México,585.0,307.0,Publicado hace 10 días,2026-07-20T16:57:46Z,2026-07-30T05:42:06.604832+00:00,https://www.inmuebles24.com/casas-en-venta-en-benito-juarez-ordenado-por-fechaonline-descendente.html-pagina-3.html
https://www.inmuebles24.com/propiedades/clasificado/veclcain-nicolas-san-juan-1654-col-del-valle-centro-benito-150601124.html,600000,"MN 600,000",MXN,venta,Casa,Del Valle Sur,Benito Juárez,Ciudad de México,275.0,150.0,Publicado hace 8 días,2026-07-22T21:03:59Z,2026-07-30T05:42:06.604832+00:00,https://www.inmuebles24.com/casas-en-venta-en-benito-juarez-ordenado-por-fechaonline-descendente.html-pagina-3.html
https://www.inmuebles24.com/propiedades/clasificado/veclcain-venta-casa-con-retorno-de-inversion-inmediato-alcaldia-150574025.html,14000000,"MN 14,000,000",MXN,venta,Casa,Miravalle,Benito Juárez,Ciudad de México,364.0,217.0,Publicado hace 10 días,2026-07-20T19:16:38Z,2026-07-30T05:42:06.604832+00:00,https://www.inmuebles24.com/casas-en-venta-en-benito-juarez-ordenado-por-fechaonline-descendente.html-pagina-3.html
https://www.inmuebles24.com/propiedades/clasificado/veclcain-venta-casa-del-valle-uso-de-suelo-para-oficina-150602572.html,21000000,"MN 21,000,000",MXN,venta,Casa,Del Valle Sur,Benito Juárez,Ciudad de México,410.0,450.0,Publicado hace 8 días,2026-07-22T23:05:04Z,2026-07-30T05:42:06.604832+00:00,https://www.inmuebles24.com/casas-en-venta-en-benito-juarez-ordenado-por-fechaonline-descendente.html-pagina-3.html
https://www.inmuebles24.com/propiedades/clasificado/veclcain-venta-de-casa-del-valle-centro-150567860.html,9850000,"MN 9,850,000",MXN,venta,Casa,Del Valle Centro,Benito Juárez,Ciudad de México,60.0,230.0,Publicado hace 11 días,2026-07-19T13:30:19Z,2026-07-30T05:43:09.817189+00:00,https://www.inmuebles24.com/casas-en-venta-en-benito-juarez-ordenado-por-fechaonline-descendente.html-pagina-3.html
https://www.inmuebles24.com/propiedades/clasificado/veclcain-venta-de-casa-en-la-colonia-del-valle-para-remodelar-o-150580673.html,18500000,"MN 18,500,000",MXN,venta,Casa,Del Valle Sur,Benito Juárez,Ciudad de México,320.0,398.0,Publicado hace 10 días,2026-07-21T02:27:20Z,2026-07-30T05:43:09.817189+00:00,https://www.inmuebles24.com/casas-en-venta-en-benito-juarez-ordenado-por-fechaonline-descendente.html-pagina-3.html
https://www.inmuebles24.com/propiedades/clasificado/veclcain-virginia-378-nativitas-benito-juarez-03500-ciudad-150594018.html,700000,"MN 700,000",MXN,venta,Casa,Nativitas,Benito Juárez,Ciudad de México,358.0,179.0,Publicado hace 8 días,2026-07-22T04:55:22Z,2026-07-30T05:43:09.817189+00:00,https://www.inmuebles24.com/casas-en-venta-en-benito-juarez-ordenado-por-fechaonline-descendente.html-pagina-3.html
https://www.inmuebles24.com/propiedades/clasificado/veclcain-vn.-gran-oportunidad-inmobiliaria-con-condiciones-150604462.html,700000,"MN 700,000",MXN,venta,Casa,Nativitas,Benito Juárez,Ciudad de México,358.0,179.0,Publicado hace 8 días,2026-07-23T01:31:11Z,2026-07-30T05:43:09.817189+00:00,https://www.inmuebles24.com/casas-en-venta-en-benito-juarez-ordenado-por-fechaonline-descendente.html-pagina-3.html
https://www.inmuebles24.com/propiedades/clasificado/veclcain-vn.-invierte-hoy-en-una-propiedad-con-alto-potencial-150604549.html,552000,"MN 552,000",MXN,venta,Casa,San Simón Ticumac,Benito Juárez,Ciudad de México,152.0,152.0,Publicado hace 8 días,2026-07-23T01:42:40Z,2026-07-30T05:43:09.817189+00:00,https://www.inmuebles24.com/casas-en-venta-en-benito-juarez-ordenado-por-fechaonline-descendente.html-pagina-3.html
https://www.inmuebles24.com/propiedades/clasificado/veclcain-vn.-oportunidad-unica-por-debajo-de-su-valor-comercial-150604649.html,600000,"MN 600,000",MXN,venta,Casa,Del Valle Centro,Benito Juárez,Ciudad de México,275.0,150.0,Publicado hace 8 días,2026-07-23T01:54:55Z,2026-07-30T05:43:09.817189+00:00,https://www.inmuebles24.com/casas-en-venta-en-benito-juarez-ordenado-por-fechaonline-descendente.html-pagina-3.html
https://www.inmuebles24.com/propiedades/clasificado/veclcain-vn.-precio-por-debajo-del-mercado-invierte-150604511.html,620000,"MN 620,000",MXN,venta,Casa,Ermita,Benito Juárez,Ciudad de México,320.0,174.0,Publicado hace 8 días,2026-07-23T01:36:49Z,2026-07-30T05:43:09.817189+00:00,https://www.inmuebles24.com/casas-en-venta-en-benito-juarez-ordenado-por-fechaonline-descendente.html-pagina-3.html
https://www.inmuebles24.com/propiedades/clasificado/veclcapa-casa-en-venta-150596798.html,11500000,"MN 11,500,000",MXN,venta,Casa,Insurgentes San Borja,Benito Juárez,Ciudad de México,210.0,164.0,Publicado hace 8 días,2026-07-22T17:32:21Z,2026-07-30T05:43:09.817189+00:00,https://www.inmuebles24.com/casas-en-venta-en-benito-juarez-ordenado-por-fechaonline-descendente.html-pagina-3.html
https://www.inmuebles24.com/propiedades/clasificado/veclcapa-hermosa-casa-en-venta-150583842.html,16950000,"MN 16,950,000",MXN,venta,Casa,Insurgentes San Borja,Benito Juárez,Ciudad de México,350.0,200.0,Publicado hace 9 días,2026-07-21T14:18:56Z,2026-07-30T05:43:09.817189+00:00,https://www.inmuebles24.com/casas-en-venta-en-benito-juarez-ordenado-por-fechaonline-descendente.html-pagina-3.html
https://www.inmuebles24.com/propiedades/clasificado/veclcapa-oportunidad-casa-en-narvarte-150601694.html,17500000,"MN 17,500,000",MXN,venta,Casa,Narvarte Oriente,Benito Juárez,Ciudad de México,450.0,327.0,Publicado hace 8 días,2026-07-22T21:57:50Z,2026-07-30T05:43:09.817189+00:00,https://www.inmuebles24.com/casas-en-venta-en-benito-juarez-ordenado-por-fechaonline-descendente.html-pagina-3.html
https://www.inmuebles24.com/propiedades/clasificado/veclcain-amplia-casa-en-narvarte-oriente-con-balcon-y-150568262.html,9700000,"MN 9,700,000",MXN,venta,Casa,Vertiz Narvarte,Benito Juárez,Ciudad de México,340.0,238.0,Publicado hace 11 días,2026-07-19T18:06:09Z,2026-07-30T05:44:10.023205+00:00,https://www.inmuebles24.com/casas-en-venta-en-benito-juarez-ordenado-por-fechaonline-descendente.html-pagina-4.html
https://www.inmuebles24.com/propiedades/clasificado/veclcain-casa-con-uso-de-suelo-en-venta-en-napoles-a-unos-pasos-150562332.html,24000000,"MN 24,000,000",MXN,venta,Casa,Nápoles,Benito Juárez,Ciudad de México,466.0,256.0,Publicado hace 13 días,2026-07-18T00:16:42Z,2026-07-30T05:44:10.023205+00:00,https://www.inmuebles24.com/casas-en-venta-en-benito-juarez-ordenado-por-fechaonline-descendente.html-pagina-4.html
https://www.inmuebles24.com/propiedades/clasificado/veclcain-casa-en-del-valle-sur-con-3-recamaras-terraza-jardin-150565243.html,14450000,"MN 14,450,000",MXN,venta,Casa,Del Valle Sur,Benito Juárez,Ciudad de México,294.0,104.0,Publicado hace 12 días,2026-07-18T17:03:24Z,2026-07-30T05:44:10.023205+00:00,https://www.inmuebles24.com/casas-en-venta-en-benito-juarez-ordenado-por-fechaonline-descendente.html-pagina-4.html
https://www.inmuebles24.com/propiedades/clasificado/veclcain-casa-en-venta-en-benito-juarez-para-remodelar-con-150526342.html,6890000,"MN 6,890,000",MXN,venta,Casa,Américas Unidas,Benito Juárez,Ciudad de México,318.0,223.0,Publicado hace 16 días,2026-07-14T23:26:38Z,2026-07-30T05:44:10.023205+00:00,https://www.inmuebles24.com/casas-en-venta-en-benito-juarez-ordenado-por-fechaonline-descendente.html-pagina-4.html
https://www.inmuebles24.com/propiedades/clasificado/veclcain-casa-en-venta-en-colonia-americas-unidas-benito-150563438.html,11200000,"MN 11,200,000",MXN,venta,Casa,Américas Unidas,Benito Juárez,Ciudad de México,202.0,119.0,Publicado hace 12 días,2026-07-18T04:22:29Z,2026-07-30T05:44:10.023205+00:00,https://www.inmuebles24.com/casas-en-venta-en-benito-juarez-ordenado-por-fechaonline-descendente.html-pagina-4.html
https://www.inmuebles24.com/propiedades/clasificado/veclcain-casa-en-venta-en-colonia-narvarte-150516778.html,12300000,"MN 12,300,000",MXN,venta,Casa,Narvarte Poniente,Benito Juárez,Ciudad de México,261.0,324.0,Publicado hace 16 días,2026-07-14T04:54:57Z,2026-07-30T05:44:10.023205+00:00,https://www.inmuebles24.com/casas-en-venta-en-benito-juarez-ordenado-por-fechaonline-descendente.html-pagina-4.html
https://www.inmuebles24.com/propiedades/clasificado/veclcain-casa-en-venta-en-del-valle-sur-150561072.html,14900000,"MN 14,900,000",MXN,venta,Casa,Del Valle Sur,Benito Juárez,Ciudad de México,296.0,296.0,Publicado hace 13 días,2026-07-17T22:09:08Z,2026-07-30T05:44:10.023205+00:00,https://www.inmuebles24.com/casas-en-venta-en-benito-juarez-ordenado-por-fechaonline-descendente.html-pagina-4.html
https://www.inmuebles24.com/propiedades/clasificado/veclcain-casa-en-venta-en-extremadura-insurgentes-benito-150505021.html,12200000,"MN 12,200,000",MXN,venta,Casa,Extremadura Insurgentes,Benito Juárez,Ciudad de México,272.0,79.0,Publicado hace 18 días,2026-07-13T01:33:21Z,2026-07-30T05:44:10.023205+00:00,https://www.inmuebles24.com/casas-en-venta-en-benito-juarez-ordenado-por-fechaonline-descendente.html-pagina-4.html
https://www.inmuebles24.com/propiedades/clasificado/veclcain-casa-en-venta-en-la-col.-narvarte-150504321.html,9500000,"MN 9,500,000",MXN,venta,Casa,Narvarte Poniente,Benito Juárez,Ciudad de México,262.0,172.0,Publicado hace 18 días,2026-07-12T19:40:51Z,2026-07-30T05:44:10.023205+00:00,https://www.inmuebles24.com/casas-en-venta-en-benito-juarez-ordenado-por-fechaonline-descendente.html-pagina-4.html
https://www.inmuebles24.com/propiedades/clasificado/veclcain-casa-en-venta-en-letran-valle-150517029.html,11200000,"MN 11,200,000",MXN,venta,Casa,Letrán Valle,Benito Juárez,Ciudad de México,400.0,195.0,Publicado hace 16 días,2026-07-14T06:05:31Z,2026-07-30T05:44:10.023205+00:00,https://www.inmuebles24.com/casas-en-venta-en-benito-juarez-ordenado-por-fechaonline-descendente.html-pagina-4.html
https://www.inmuebles24.com/propiedades/clasificado/veclcain-casa-en-venta-en-merced-gomez-150554191.html,9500000,"MN 9,500,000",MXN,venta,Casa,Merced Gómez,Benito Juárez,Ciudad de México,286.0,336.0,Publicado hace 13 días,2026-07-17T15:31:26Z,2026-07-30T05:45:17.020460+00:00,https://www.inmuebles24.com/casas-en-venta-en-benito-juarez-ordenado-por-fechaonline-descendente.html-pagina-4.html
https://www.inmuebles24.com/propiedades/clasificado/veclcain-casa-en-venta-en-san-jose-insurgentes-150544762.html,11500000,"MN 11,500,000",MXN,venta,Casa,San José Insurgentes,Benito Juárez,Ciudad de México,355.0,215.0,Publicado hace 14 días,2026-07-16T17:40:49Z,2026-07-30T05:45:17.020460+00:00,https://www.inmuebles24.com/casas-en-venta-en-benito-juarez-ordenado-por-fechaonline-descendente.html-pagina-4.html
https://www.inmuebles24.com/propiedades/clasificado/veclcain-casa-en-venta-extremadura-insurgentes-cdmx-150519895.html,14500000,"MN 14,500,000",MXN,venta,Casa,Extremadura Insurgentes,Benito Juárez,Ciudad de México,200.0,95.0,Publicado hace 16 días,2026-07-14T18:02:17Z,2026-07-30T05:45:17.020460+00:00,https://www.inmuebles24.com/casas-en-venta-en-benito-juarez-ordenado-por-fechaonline-descendente.html-pagina-4.html
https://www.inmuebles24.com/propiedades/clasificado/veclcain-casa-en-venta-o-renta-en-narvarte-poniente-150551847.html,26000000,"MN 26,000,000",MXN,venta,Casa,Narvarte Poniente,Benito Juárez,Ciudad de México,1200.0,512.0,Publicado hace 14 días,2026-07-17T01:51:53Z,2026-07-30T05:45:17.020460+00:00,https://www.inmuebles24.com/casas-en-venta-en-benito-juarez-ordenado-por-fechaonline-descendente.html-pagina-4.html
https://www.inmuebles24.com/propiedades/clasificado/veclcain-casa-venta-150532864.html,12500000,"MN 12,500,000",MXN,venta,Casa,Del Valle Centro,Benito Juárez,Ciudad de México,181.0,221.0,Publicado hace 15 días,2026-07-15T17:59:41Z,2026-07-30T05:45:17.020460+00:00,https://www.inmuebles24.com/casas-en-venta-en-benito-juarez-ordenado-por-fechaonline-descendente.html-pagina-4.html
https://www.inmuebles24.com/propiedades/clasificado/veclcain-casa-venta-para-remodelar-en-col.-santa-cruz-atoyac-150538074.html,13000000,"MN 13,000,000",MXN,venta,Casa,Santa Cruz Atoyac,Benito Juárez,Ciudad de México,346.0,362.0,Publicado hace 15 días,2026-07-15T23:58:32Z,2026-07-30T05:45:17.020460+00:00,https://www.inmuebles24.com/casas-en-venta-en-benito-juarez-ordenado-por-fechaonline-descendente.html-pagina-4.html
https://www.inmuebles24.com/propiedades/clasificado/veclcain-en-venta-casa-duplex-en-amores-del-valle.-150551235.html,23700000,"MN 23,700,000",MXN,venta,Casa,Del Valle Centro,Benito Juárez,Ciudad de México,505.0,260.0,Publicado hace 14 días,2026-07-17T00:12:09Z,2026-07-30T05:45:17.020460+00:00,https://www.inmuebles24.com/casas-en-venta-en-benito-juarez-ordenado-por-fechaonline-descendente.html-pagina-4.html
https://www.inmuebles24.com/propiedades/clasificado/veclcain-en-venta-casa-en-narvarte-poniente-benito-juarez.-150551168.html,10100000,"MN 10,100,000",MXN,venta,Casa,Narvarte Poniente,Benito Juárez,Ciudad de México,324.0,213.0,Publicado hace 14 días,2026-07-17T00:10:08Z,2026-07-30T05:45:17.020460+00:00,https://www.inmuebles24.com/casas-en-venta-en-benito-juarez-ordenado-por-fechaonline-descendente.html-pagina-4.html
https://www.inmuebles24.com/propiedades/clasificado/veclcain-hermosa-casa-en-col.-ciudad-de-los-deportes-150560734.html,9500000,"MN 9,500,000",MXN,venta,Casa,Ciudad de los Deportes,Benito Juárez,Ciudad de México,175.0,210.0,Publicado hace 13 días,2026-07-17T21:53:42Z,2026-07-30T05:45:17.020460+00:00,https://www.inmuebles24.com/casas-en-venta-en-benito-juarez-ordenado-por-fechaonline-descendente.html-pagina-4.html
https://www.inmuebles24.com/propiedades/clasificado/veclcain-napoles-casas-en-venta-frente-a-parque-en-corredor-150522892.html,14900000,"MN 14,900,000",MXN,venta,Casa,Nápoles,Benito Juárez,Ciudad de México,408.0,244.0,Publicado hace 16 días,2026-07-14T21:04:53Z,2026-07-30T05:45:17.020460+00:00,https://www.inmuebles24.com/casas-en-venta-en-benito-juarez-ordenado-por-fechaonline-descendente.html-pagina-4.html
https://www.inmuebles24.com/propiedades/clasificado/veclcain-venta-de-casa-en-ciudad-de-mexico-benito-juarez-150563422.html,900000,"MN 900,000",MXN,venta,Casa,Narvarte Poniente,Benito Juárez,Ciudad de México,576.0,362.0,Publicado hace 12 días,2026-07-18T04:17:50Z,2026-07-30T05:46:19.513971+00:00,https://www.inmuebles24.com/casas-en-venta-en-benito-juarez-ordenado-por-fechaonline-descendente.html-pagina-4.html
https://www.inmuebles24.com/propiedades/clasificado/veclcain-venta-de-casa-en-ciudad-de-mexico-benito-juarez-150563472.html,990000,"MN 990,000",MXN,venta,Casa,Santa María Nonoalco,Benito Juárez,Ciudad de México,560.0,341.0,Publicado hace 12 días,2026-07-18T04:27:06Z,2026-07-30T05:46:19.513971+00:00,https://www.inmuebles24.com/casas-en-venta-en-benito-juarez-ordenado-por-fechaonline-descendente.html-pagina-4.html
https://www.inmuebles24.com/propiedades/clasificado/veclcain-venta-de-casa-en-ciudad-de-mexico-benito-juarez-150563501.html,890000,"MN 890,000",MXN,venta,Casa,Letrán Valle,Benito Juárez,Ciudad de México,336.0,244.0,Publicado hace 12 días,2026-07-18T04:41:28Z,2026-07-30T05:46:19.513971+00:00,https://www.inmuebles24.com/casas-en-venta-en-benito-juarez-ordenado-por-fechaonline-descendente.html-pagina-4.html
https://www.inmuebles24.com/propiedades/clasificado/veclcain-venta-de-casa-en-ciudad-de-mexico-benito-juarez-150563515.html,550000,"MN 550,000",MXN,venta,Casa,Nochebuena,Benito Juárez,Ciudad de México,285.0,235.0,Publicado hace 12 días,2026-07-18T04:51:19Z,2026-07-30T05:46:19.513971+00:00,https://www.inmuebles24.com/casas-en-venta-en-benito-juarez-ordenado-por-fechaonline-descendente.html-pagina-4.html
https://www.inmuebles24.com/propiedades/clasificado/veclcain-venta-de-casa-en-ciudad-de-mexico-benito-juarez-150563542.html,760000,"MN 760,000",MXN,venta,Casa,Letrán Valle,Benito Juárez,Ciudad de México,310.0,135.0,Publicado hace 12 días,2026-07-18T05:02:31Z,2026-07-30T05:46:19.513971+00:00,https://www.inmuebles24.com/casas-en-venta-en-benito-juarez-ordenado-por-fechaonline-descendente.html-pagina-4.html
https://www.inmuebles24.com/propiedades/clasificado/veclcain-venta-de-casa-en-ciudad-de-mexico-benito-juarez-150563691.html,890000,"MN 890,000",MXN,venta,Casa,Del Valle Centro,Benito Juárez,Ciudad de México,260.0,230.0,Publicado hace 12 días,2026-07-18T05:10:50Z,2026-07-30T05:46:19.513971+00:00,https://www.inmuebles24.com/casas-en-venta-en-benito-juarez-ordenado-por-fechaonline-descendente.html-pagina-4.html
https://www.inmuebles24.com/propiedades/clasificado/veclcain-venta-de-casa-en-col.-del-valle-benito-juarez-150560418.html,950000,"MN 950,000",MXN,venta,Casa,Del Valle Centro,Benito Juárez,Ciudad de México,246.0,208.0,Publicado hace 13 días,2026-07-17T21:39:57Z,2026-07-30T05:46:19.513971+00:00,https://www.inmuebles24.com/casas-en-venta-en-benito-juarez-ordenado-por-fechaonline-descendente.html-pagina-4.html
https://www.inmuebles24.com/propiedades/clasificado/veclcain-venta-excepcional-residencia-con-roof-garden-en-150510546.html,48000000,"MN 48,000,000",MXN,venta,Casa,Santa María Nonoalco,Benito Juárez,Ciudad de México,1350.0,535.0,Publicado hace 17 días,2026-07-13T19:22:55Z,2026-07-30T05:46:19.513971+00:00,https://www.inmuebles24.com/casas-en-venta-en-benito-juarez-ordenado-por-fechaonline-descendente.html-pagina-4.html
https://www.inmuebles24.com/propiedades/clasificado/veclcapa-casa-en-venta-con-departamento-independiente-en-del-150537712.html,11000000,"MN 11,000,000",MXN,venta,Casa,Del Valle Sur,Benito Juárez,Ciudad de México,244.0,254.0,Publicado hace 15 días,2026-07-15T23:28:30Z,2026-07-30T05:46:19.513971+00:00,https://www.inmuebles24.com/casas-en-venta-en-benito-juarez-ordenado-por-fechaonline-descendente.html-pagina-4.html
https://www.inmuebles24.com/propiedades/clasificado/veclcapa-casa-moderna-y-espaciosa-en-bj-con-roof-garden-de-104-150565616.html,10500000,"MN 10,500,000",MXN,venta,Casa,Postal,Benito Juárez,Ciudad de México,462.0,154.0,Publicado hace 12 días,2026-07-18T18:33Z,2026-07-30T05:46:19.513971+00:00,https://www.inmuebles24.com/casas-en-venta-en-benito-juarez-ordenado-por-fechaonline-descendente.html-pagina-4.html
https://www.inmuebles24.com/propiedades/clasificado/veclcain-casa-acondicionada-para-oficinas-en-venta-en-san-pedro-150479450.html,14900000,"MN 14,900,000",MXN,venta,Casa,San Pedro de los Pinos,Benito Juárez,Ciudad de México,358.0,193.0,Publicado hace 21 días,2026-07-09T04:46:34Z,2026-07-30T05:47:27.743597+00:00,https://www.inmuebles24.com/casas-en-venta-en-benito-juarez-ordenado-por-fechaonline-descendente.html-pagina-5.html
https://www.inmuebles24.com/propiedades/clasificado/veclcain-casa-con-2-viviendas-independientes-en-el-mismo-150468485.html,8700000,"MN 8,700,000",MXN,venta,Casa,Portales Norte,Benito Juárez,Ciudad de México,280.0,263.0,Publicado hace 22 días,2026-07-08T16:47:49Z,2026-07-30T05:47:27.743597+00:00,https://www.inmuebles24.com/casas-en-venta-en-benito-juarez-ordenado-por-fechaonline-descendente.html-pagina-5.html
https://www.inmuebles24.com/propiedades/clasificado/veclcain-casa-en-narvarte-150425275.html,12900000,"MN 12,900,000",MXN,venta,Casa,Esperanza,Benito Juárez,Ciudad de México,300.0,300.0,Publicado hace 27 días,2026-07-03T21:26:08Z,2026-07-30T05:47:27.743597+00:00,https://www.inmuebles24.com/casas-en-venta-en-benito-juarez-ordenado-por-fechaonline-descendente.html-pagina-5.html
https://www.inmuebles24.com/propiedades/clasificado/veclcain-casa-en-venta-4-150435840.html,11000000,"MN 11,000,000",MXN,venta,Casa,Narvarte Poniente,Benito Juárez,Ciudad de México,242.0,220.0,Publicado hace 26 días,2026-07-05T03:11:39Z,2026-07-30T05:47:27.743597+00:00,https://www.inmuebles24.com/casas-en-venta-en-benito-juarez-ordenado-por-fechaonline-descendente.html-pagina-5.html
https://www.inmuebles24.com/propiedades/clasificado/veclcain-casa-en-venta-en-actipan-150443463.html,15000000,"MN 15,000,000",MXN,venta,Casa,Actipan,Benito Juárez,Ciudad de México,315.0,315.0,Publicado hace 24 días,2026-07-06T16:16:30Z,2026-07-30T05:47:27.743597+00:00,https://www.inmuebles24.com/casas-en-venta-en-benito-juarez-ordenado-por-fechaonline-descendente.html-pagina-5.html
https://www.inmuebles24.com/propiedades/clasificado/veclcain-casa-en-venta-en-del-valle-centro-150495764.html,7350000,"MN 7,350,000",MXN,venta,Casa,Del Valle Centro,Benito Juárez,Ciudad de México,166.0,55.0,Publicado hace 20 días,2026-07-10T21:43:02Z,2026-07-30T05:47:27.743597+00:00,https://www.inmuebles24.com/casas-en-venta-en-benito-juarez-ordenado-por-fechaonline-descendente.html-pagina-5.html
https://www.inmuebles24.com/propiedades/clasificado/veclcain-casa-en-venta-en-del-valle-sur-150427386.html,26000000,"MN 26,000,000",MXN,venta,Casa,Del Valle Sur,Benito Juárez,Ciudad de México,520.0,526.0,Publicado hace 27 días,2026-07-03T23:29:53Z,2026-07-30T05:47:27.743597+00:00,https://www.inmuebles24.com/casas-en-venta-en-benito-juarez-ordenado-por-fechaonline-descendente.html-pagina-5.html
https://www.inmuebles24.com/propiedades/clasificado/veclcain-casa-en-venta-en-del-valle-sur-150491202.html,23000000,"MN 23,000,000",MXN,venta,Casa,Del Valle Sur,Benito Juárez,Ciudad de México,520.0,534.0,Publicado hace 20 días,2026-07-10T15:57:35Z,2026-07-30T05:47:27.743597+00:00,https://www.inmuebles24.com/casas-en-venta-en-benito-juarez-ordenado-por-fechaonline-descendente.html-pagina-5.html
https://www.inmuebles24.com/propiedades/clasificado/veclcain-casa-en-venta-en-la-col.-vertiz-narvarte-benito-150405047.html,6750000,"MN 6,750,000",MXN,venta,Casa,Independencia,Benito Juárez,Ciudad de México,161.0,40.0,Publicado hace 28 días,2026-07-02T16:04:51Z,2026-07-30T05:47:27.743597+00:00,https://www.inmuebles24.com/casas-en-venta-en-benito-juarez-ordenado-por-fechaonline-descendente.html-pagina-5.html
https://www.inmuebles24.com/propiedades/clasificado/veclcain-casa-en-venta-en-la-colonia-del-valle-150498439.html,8950000,"MN 8,950,000",MXN,venta,Casa,Del Valle Norte,Benito Juárez,Ciudad de México,170.0,95.0,Publicado hace 19 días,2026-07-11T02:19:06Z,2026-07-30T05:47:27.743597+00:00,https://www.inmuebles24.com/casas-en-venta-en-benito-juarez-ordenado-por-fechaonline-descendente.html-pagina-5.html
https://www.inmuebles24.com/propiedades/clasificado/veclcain-casa-en-venta-en-letran-valle-150441159.html,10500000,"MN 10,500,000",MXN,venta,Casa,Letrán Valle,Benito Juárez,Ciudad de México,323.0,136.0,Publicado hace 24 días,2026-07-06T06:27:49Z,2026-07-30T05:48:25.773431+00:00,https://www.inmuebles24.com/casas-en-venta-en-benito-juarez-ordenado-por-fechaonline-descendente.html-pagina-5.html
https://www.inmuebles24.com/propiedades/clasificado/veclcain-casa-en-venta-en-mixcoac-150428635.html,20000000,"MN 20,000,000",MXN,venta,Casa,Mixcoac,Benito Juárez,Ciudad de México,718.0,718.0,Publicado hace 27 días,2026-07-03T23:59:07Z,2026-07-30T05:48:25.773431+00:00,https://www.inmuebles24.com/casas-en-venta-en-benito-juarez-ordenado-por-fechaonline-descendente.html-pagina-5.html
https://www.inmuebles24.com/propiedades/clasificado/veclcain-casa-en-venta-en-moderna-150446279.html,7000000,"MN 7,000,000",MXN,venta,Casa,Moderna,Benito Juárez,Ciudad de México,230.0,198.0,Publicado hace 24 días,2026-07-06T16:54:50Z,2026-07-30T05:48:25.773431+00:00,https://www.inmuebles24.com/casas-en-venta-en-benito-juarez-ordenado-por-fechaonline-descendente.html-pagina-5.html
https://www.inmuebles24.com/propiedades/clasificado/veclcain-casa-en-venta-en-narvarte-oriente-150490016.html,29500000,"MN 29,500,000",MXN,venta,Casa,Narvarte Oriente,Benito Juárez,Ciudad de México,650.0,490.0,Publicado hace 20 días,2026-07-10T06:28:59Z,2026-07-30T05:48:25.773431+00:00,https://www.inmuebles24.com/casas-en-venta-en-benito-juarez-ordenado-por-fechaonline-descendente.html-pagina-5.html
https://www.inmuebles24.com/propiedades/clasificado/veclcain-casa-en-venta-en-narvarte-poniente-150441101.html,10900000,"MN 10,900,000",MXN,venta,Casa,Narvarte Poniente,Benito Juárez,Ciudad de México,372.0,205.0,Publicado hace 24 días,2026-07-06T06:24:54Z,2026-07-30T05:48:25.773431+00:00,https://www.inmuebles24.com/casas-en-venta-en-benito-juarez-ordenado-por-fechaonline-descendente.html-pagina-5.html
https://www.inmuebles24.com/propiedades/clasificado/veclcain-casa-en-venta-en-narvarte-poniente-150473784.html,13900000,"MN 13,900,000",MXN,venta,Casa,Narvarte Poniente,Benito Juárez,Ciudad de México,363.0,287.0,Publicado hace 22 días,2026-07-08T22:39:23Z,2026-07-30T05:48:25.773431+00:00,https://www.inmuebles24.com/casas-en-venta-en-benito-juarez-ordenado-por-fechaonline-descendente.html-pagina-5.html
https://www.inmuebles24.com/propiedades/clasificado/veclcain-casa-en-venta-en-santa-cruz-atoyac-150484055.html,7350000,"MN 7,350,000",MXN,venta,Casa,Santa Cruz Atoyac,Benito Juárez,Ciudad de México,166.0,55.0,Publicado hace 21 días,2026-07-09T19:59:04Z,2026-07-30T05:48:25.773431+00:00,https://www.inmuebles24.com/casas-en-venta-en-benito-juarez-ordenado-por-fechaonline-descendente.html-pagina-5.html
https://www.inmuebles24.com/propiedades/clasificado/veclcain-casa-en-venta-en-xoco-150490017.html,13600000,"MN 13,600,000",MXN,venta,Casa,Xoco,Benito Juárez,Ciudad de México,263.0,108.0,Publicado hace 20 días,2026-07-10T06:29:03Z,2026-07-30T05:48:25.773431+00:00,https://www.inmuebles24.com/casas-en-venta-en-benito-juarez-ordenado-por-fechaonline-descendente.html-pagina-5.html
https://www.inmuebles24.com/propiedades/clasificado/veclcain-casa-en-venta-insurgentes-san-borja-150477045.html,19500000,"MN 19,500,000",MXN,venta,Casa,Insurgentes San Borja,Benito Juárez,Ciudad de México,500.0,500.0,Publicado hace 22 días,2026-07-09T00:27:11Z,2026-07-30T05:48:25.773431+00:00,https://www.inmuebles24.com/casas-en-venta-en-benito-juarez-ordenado-por-fechaonline-descendente.html-pagina-5.html
https://www.inmuebles24.com/propiedades/clasificado/veclcain-casa-en-venta-narvarte-poniente-oportunidad-150393928.html,17900000,"MN 17,900,000",MXN,venta,Casa,Narvarte Poniente,Benito Juárez,Ciudad de México,350.0,350.0,Publicado hace 27 días,2026-07-01T16:22:21Z,2026-07-30T05:48:25.773431+00:00,https://www.inmuebles24.com/casas-en-venta-en-benito-juarez-ordenado-por-fechaonline-descendente.html-pagina-5.html
https://www.inmuebles24.com/propiedades/clasificado/veclcain-casa-portales-sur-150438692.html,18800000,"MN 18,800,000",MXN,venta,Casa,Portales Sur,Benito Juárez,Ciudad de México,645.0,480.0,Publicado hace 25 días,2026-07-05T16:42:07Z,2026-07-30T05:49:21.282266+00:00,https://www.inmuebles24.com/casas-en-venta-en-benito-juarez-ordenado-por-fechaonline-descendente.html-pagina-5.html
https://www.inmuebles24.com/propiedades/clasificado/veclcain-condominio-privado-de-solo-4-casas-ubicacion-gran-150419631.html,6900000,"MN 6,900,000",MXN,venta,Casa,Residencial Emperadores,Benito Juárez,Ciudad de México,189.0,86.0,Publicado hace 27 días,2026-07-03T05:20:39Z,2026-07-30T05:49:21.282266+00:00,https://www.inmuebles24.com/casas-en-venta-en-benito-juarez-ordenado-por-fechaonline-descendente.html-pagina-5.html
https://www.inmuebles24.com/propiedades/clasificado/veclcain-del-valle-vende-casa-en-condominio-horizontal-de-solo-150475011.html,14500000,"MN 14,500,000",MXN,venta,Casa,Del Valle Centro,Benito Juárez,Ciudad de México,215.0,79.0,Publicado hace 22 días,2026-07-08T23:51:36Z,2026-07-30T05:49:21.282266+00:00,https://www.inmuebles24.com/casas-en-venta-en-benito-juarez-ordenado-por-fechaonline-descendente.html-pagina-5.html
https://www.inmuebles24.com/propiedades/clasificado/veclcain-exclusiva-casa-en-condominio-en-la-colonia-del-valle:-150480663.html,9400000,"MN 9,400,000",MXN,venta,Casa,Del Valle Centro,Benito Juárez,Ciudad de México,210.0,280.0,Publicado hace 21 días,2026-07-09T16:14:46Z,2026-07-30T05:49:21.282266+00:00,https://www.inmuebles24.com/casas-en-venta-en-benito-juarez-ordenado-por-fechaonline-descendente.html-pagina-5.html
https://www.inmuebles24.com/propiedades/clasificado/veclcain-maravillosa-residencia-en-venta-con-excelente-150505364.html,18900000,"MN 18,900,000",MXN,venta,Casa,Del Valle Centro,Benito Juárez,Ciudad de México,501.0,319.0,Publicado hace 18 días,2026-07-13T02:33:18Z,2026-07-30T05:49:21.282266+00:00,https://www.inmuebles24.com/casas-en-venta-en-benito-juarez-ordenado-por-fechaonline-descendente.html-pagina-5.html
https://www.inmuebles24.com/propiedades/clasificado/veclcain-maravillosa-residencia-en-venta-con-excelente-y-150505392.html,18900000,"MN 18,900,000",MXN,venta,Casa,Insurgentes San Borja,Benito Juárez,Ciudad de México,501.0,319.0,Publicado hace 18 días,2026-07-13T02:43:11Z,2026-07-30T05:49:21.282266+00:00,https://www.inmuebles24.com/casas-en-venta-en-benito-juarez-ordenado-por-fechaonline-descendente.html-pagina-5.html
https://www.inmuebles24.com/propiedades/clasificado/veclcain-nivara-heriberto-frias:-casa-en-venta-en-del-valle-150475879.html,13700000,"MN 13,700,000",MXN,venta,Casa,Del Valle Centro,Benito Juárez,Ciudad de México,303.0,303.0,Publicado hace 22 días,2026-07-09T00:03:59Z,2026-07-30T05:49:21.282266+00:00,https://www.inmuebles24.com/casas-en-venta-en-benito-juarez-ordenado-por-fechaonline-descendente.html-pagina-5.html
https://www.inmuebles24.com/propiedades/clasificado/veclcain-se-vende-casa-para-remodelar-o-como-terreno-para-150474186.html,13690000,"MN 13,690,000",MXN,venta,Casa,San Pedro de los Pinos,Benito Juárez,Ciudad de México,295.0,265.0,Publicado hace 22 días,2026-07-08T23:01:33Z,2026-07-30T05:49:21.282266+00:00,https://www.inmuebles24.com/casas-en-venta-en-benito-juarez-ordenado-por-fechaonline-descendente.html-pagina-5.html
https://www.inmuebles24.com/propiedades/clasificado/veclcain-se-vende-como-terreno-ideal-para-construir-edificio-150424250.html,18000000,"MN 18,000,000",MXN,venta,Casa,Nativitas,Benito Juárez,Ciudad de México,691.0,459.0,Publicado hace 27 días,2026-07-03T19:36:07Z,2026-07-30T05:49:21.282266+00:00,https://www.inmuebles24.com/casas-en-venta-en-benito-juarez-ordenado-por-fechaonline-descendente.html-pagina-5.html
https://www.inmuebles24.com/propiedades/clasificado/veclcapa-venta-de-casa-portales-sur-excelente-ubicacion-150504955.html,16000000,"MN 16,000,000",MXN,venta,Casa,Portales Sur,Benito Juárez,Ciudad de México,512.0,420.0,Publicado hace 18 días,2026-07-13T01:04:27Z,2026-07-30T05:49:21.282266+00:00,https://www.inmuebles24.com/casas-en-venta-en-benito-juarez-ordenado-por-fechaonline-descendente.html-pagina-5.html
https://www.inmuebles24.com/propiedades/clasificado/veclcain-casa-con-uso-de-suelo-en-venta-en-narvarte-benito-150404982.html,12250000,"MN 12,250,000",MXN,venta,Casa,Piedad Narvarte,Benito Juárez,Ciudad de México,330.0,250.0,Publicado hace 28 días,2026-07-02T16:00:27Z,2026-07-30T05:50:33.064205+00:00,https://www.inmuebles24.com/casas-en-venta-en-benito-juarez-ordenado-por-fechaonline-descendente.html-pagina-6.html
https://www.inmuebles24.com/propiedades/clasificado/veclcain-casa-de-180-m-sup2--de-construccion-con-3-recamaras-150401211.html,8200000,"MN 8,200,000",MXN,venta,Casa,Del Valle Norte,Benito Juárez,Ciudad de México,180.0,51.0,Publicado hace 29 días,2026-07-02T02:49:49Z,2026-07-30T05:50:33.064205+00:00,https://www.inmuebles24.com/casas-en-venta-en-benito-juarez-ordenado-por-fechaonline-descendente.html-pagina-6.html
https://www.inmuebles24.com/propiedades/clasificado/veclcain-casa-en-condominio-santa-cruz-atoyac-150385002.html,8200000,"MN 8,200,000",MXN,venta,Casa,Santa Cruz Atoyac,Benito Juárez,Ciudad de México,113.0,113.0,Publicado hace 30 días,2026-06-30T17:06:09Z,2026-07-30T05:50:33.064205+00:00,https://www.inmuebles24.com/casas-en-venta-en-benito-juarez-ordenado-por-fechaonline-descendente.html-pagina-6.html
https://www.inmuebles24.com/propiedades/clasificado/veclcain-casa-en-venta-cerca-de-san-jose-insurgentes-150407022.html,25000000,"MN 25,000,000",MXN,venta,Casa,San José Insurgentes,Benito Juárez,Ciudad de México,661.0,468.0,Publicado hace 28 días,2026-07-02T18:33:38Z,2026-07-30T05:50:33.064205+00:00,https://www.inmuebles24.com/casas-en-venta-en-benito-juarez-ordenado-por-fechaonline-descendente.html-pagina-6.html
https://www.inmuebles24.com/propiedades/clasificado/veclcain-casa-en-venta-con-acabados-de-lujo-letran-valle-150417412.html,12990000,"MN 12,990,000",MXN,venta,Casa,Letrán Valle,Benito Juárez,Ciudad de México,370.0,156.0,Publicado hace 28 días,2026-07-02T23:52:38Z,2026-07-30T05:50:33.064205+00:00,https://www.inmuebles24.com/casas-en-venta-en-benito-juarez-ordenado-por-fechaonline-descendente.html-pagina-6.html
https://www.inmuebles24.com/propiedades/clasificado/veclcain-casa-en-venta-con-espacios-generosos-y-roof-garden-150388559.html,9500000,"MN 9,500,000",MXN,venta,Casa,San Pedro de los Pinos,Benito Juárez,Ciudad de México,142.0,142.0,Publicado hace 30 días,2026-06-30T20:36:34Z,2026-07-30T05:50:33.064205+00:00,https://www.inmuebles24.com/casas-en-venta-en-benito-juarez-ordenado-por-fechaonline-descendente.html-pagina-6.html
https://www.inmuebles24.com/propiedades/clasificado/veclcain-casa-en-venta-en-benito-juarez-casa-mas-departamento-150383984.html,8800000,"MN 8,800,000",MXN,venta,Casa,Periodista,Benito Juárez,Ciudad de México,225.0,173.0,Publicado hace 30 días,2026-06-30T16:15:40Z,2026-07-30T05:50:33.064205+00:00,https://www.inmuebles24.com/casas-en-venta-en-benito-juarez-ordenado-por-fechaonline-descendente.html-pagina-6.html
https://www.inmuebles24.com/propiedades/clasificado/veclcain-casa-en-venta-en-calle-aniceto-ortega-col.-del-valle-150378717.html,12400000,"MN 12,400,000",MXN,venta,Casa,Del Valle Centro,Benito Juárez,Ciudad de México,270.0,199.0,Publicado hace 31 días,2026-06-30T00:17:12Z,2026-07-30T05:50:33.064205+00:00,https://www.inmuebles24.com/casas-en-venta-en-benito-juarez-ordenado-por-fechaonline-descendente.html-pagina-6.html
https://www.inmuebles24.com/propiedades/clasificado/veclcain-casa-en-venta-en-del-valle-centro-150316659.html,22000000,"MN 22,000,000",MXN,venta,Casa,Del Valle Centro,Benito Juárez,Ciudad de México,382.0,382.0,Publicado hace 36 días,2026-06-24T17:45:10Z,2026-07-30T05:50:33.064205+00:00,https://www.inmuebles24.com/casas-en-venta-en-benito-juarez-ordenado-por-fechaonline-descendente.html-pagina-6.html
https://www.inmuebles24.com/propiedades/clasificado/veclcain-casa-en-venta-en-del-valle-sur-150413448.html,14900000,"MN 14,900,000",MXN,venta,Casa,Del Valle Sur,Benito Juárez,Ciudad de México,296.0,296.0,Publicado hace 28 días,2026-07-02T21:14:06Z,2026-07-30T05:50:33.064205+00:00,https://www.inmuebles24.com/casas-en-venta-en-benito-juarez-ordenado-por-fechaonline-descendente.html-pagina-6.html
https://www.inmuebles24.com/propiedades/clasificado/veclcain-casa-en-venta-en-insurgentes-san-borja-150309406.html,22000000,"MN 22,000,000",MXN,venta,Casa,Insurgentes San Borja,Benito Juárez,Ciudad de México,450.0,275.0,Publicado hace 37 días,2026-06-24T01:09:04Z,2026-07-30T05:51:36.109851+00:00,https://www.inmuebles24.com/casas-en-venta-en-benito-juarez-ordenado-por-fechaonline-descendente.html-pagina-6.html
https://www.inmuebles24.com/propiedades/clasificado/veclcain-casa-en-venta-en-la-del-valle-centro-ovmc-mls-26-150336931.html,8950000,"MN 8,950,000",MXN,venta,Casa,Del Valle Centro,Benito Juárez,Ciudad de México,155.0,155.0,Publicado hace 34 días,2026-06-26T06:23:08Z,2026-07-30T05:51:36.109851+00:00,https://www.inmuebles24.com/casas-en-venta-en-benito-juarez-ordenado-por-fechaonline-descendente.html-pagina-6.html
https://www.inmuebles24.com/propiedades/clasificado/veclcain-casa-en-venta-en-letran-valle-150399883.html,12500000,"MN 12,500,000",MXN,venta,Casa,Letrán Valle,Benito Juárez,Ciudad de México,290.0,170.0,Publicado hace 29 días,2026-07-02T00:12:50Z,2026-07-30T05:51:36.109851+00:00,https://www.inmuebles24.com/casas-en-venta-en-benito-juarez-ordenado-por-fechaonline-descendente.html-pagina-6.html
https://www.inmuebles24.com/propiedades/clasificado/veclcain-casa-en-venta-en-mixcoac-150411675.html,8500000,"MN 8,500,000",MXN,venta,Casa,Merced Gómez,Benito Juárez,Ciudad de México,285.0,182.0,Publicado hace 28 días,2026-07-02T20:38:52Z,2026-07-30T05:51:36.109851+00:00,https://www.inmuebles24.com/casas-en-venta-en-benito-juarez-ordenado-por-fechaonline-descendente.html-pagina-6.html
https://www.inmuebles24.com/propiedades/clasificado/veclcain-casa-en-venta-en-san-pedro-de-los-pinos-150266082.html,10500000,"MN 10,500,000",MXN,venta,Casa,San Pedro de los Pinos,Benito Juárez,Ciudad de México,183.0,132.0,Publicado hace 41 días,2026-06-20T02:47:10Z,2026-07-30T05:51:36.109851+00:00,https://www.inmuebles24.com/casas-en-venta-en-benito-juarez-ordenado-por-fechaonline-descendente.html-pagina-6.html
https://www.inmuebles24.com/propiedades/clasificado/veclcain-casa-en-venta-en-san-pedro-de-los-pinos-150400074.html,9000000,"MN 9,000,000",MXN,venta,Casa,San Pedro de los Pinos,Benito Juárez,Ciudad de México,142.0,142.0,Publicado hace 29 días,2026-07-02T00:17:56Z,2026-07-30T05:51:36.109851+00:00,https://www.inmuebles24.com/casas-en-venta-en-benito-juarez-ordenado-por-fechaonline-descendente.html-pagina-6.html
https://www.inmuebles24.com/propiedades/clasificado/veclcain-casa-en-venta-en-tlacoquemecatl-150343890.html,22000000,"MN 22,000,000",MXN,venta,Casa,Tlacoquemecatl,Benito Juárez,Ciudad de México,345.0,345.0,Publicado hace 34 días,2026-06-26T18:23:04Z,2026-07-30T05:51:36.109851+00:00,https://www.inmuebles24.com/casas-en-venta-en-benito-juarez-ordenado-por-fechaonline-descendente.html-pagina-6.html
https://www.inmuebles24.com/propiedades/clasificado/veclcain-casa-en-venta-en-xoco-150309967.html,13600000,"MN 13,600,000",MXN,venta,Casa,Xoco,Benito Juárez,Ciudad de México,263.0,108.0,Publicado hace 37 días,2026-06-24T01:18:55Z,2026-07-30T05:51:36.109851+00:00,https://www.inmuebles24.com/casas-en-venta-en-benito-juarez-ordenado-por-fechaonline-descendente.html-pagina-6.html
https://www.inmuebles24.com/propiedades/clasificado/veclcain-casa-venta-150372530.html,17500000,"MN 17,500,000",MXN,venta,Casa,San Pedro de los Pinos,Benito Juárez,Ciudad de México,230.0,360.0,Publicado hace 31 días,2026-06-29T18:26:58Z,2026-07-30T05:51:36.109851+00:00,https://www.inmuebles24.com/casas-en-venta-en-benito-juarez-ordenado-por-fechaonline-descendente.html-pagina-6.html
https://www.inmuebles24.com/propiedades/clasificado/veclcain-casa-venta-en-col.-portales-309-m-sup2-150400633.html,9500000,"MN 9,500,000",MXN,venta,Casa,Portales Sur,Benito Juárez,Ciudad de México,309.0,210.0,Publicado hace 29 días,2026-07-02T01:14:01Z,2026-07-30T05:51:36.109851+00:00,https://www.inmuebles24.com/casas-en-venta-en-benito-juarez-ordenado-por-fechaonline-descendente.html-pagina-6.html
https://www.inmuebles24.com/propiedades/clasificado/veclcain-dominio-inmobiliario-propone-en-venta-casa-en-colonia-150320246.html,10500000,"MN 10,500,000",MXN,venta,Casa,Narvarte Poniente,Benito Juárez,Ciudad de México,288.0,183.0,Publicado hace 36 días,2026-06-24T20:11:08Z,2026-07-30T05:52:41.196147+00:00,https://www.inmuebles24.com/casas-en-venta-en-benito-juarez-ordenado-por-fechaonline-descendente.html-pagina-6.html
https://www.inmuebles24.com/propiedades/clasificado/veclcain-n-a:-casa-en-venta-en-letran-valle-150399884.html,13990000,"MN 13,990,000",MXN,venta,Casa,Letrán Valle,Benito Juárez,Ciudad de México,322.0,170.0,Publicado hace 29 días,2026-07-02T00:12:53Z,2026-07-30T05:52:41.196147+00:00,https://www.inmuebles24.com/casas-en-venta-en-benito-juarez-ordenado-por-fechaonline-descendente.html-pagina-6.html
https://www.inmuebles24.com/propiedades/clasificado/veclcain-n-a:-casa-en-venta-en-letran-valle-150399886.html,13800000,"MN 13,800,000",MXN,venta,Casa,Letrán Valle,Benito Juárez,Ciudad de México,373.0,238.0,Publicado hace 29 días,2026-07-02T00:12:58Z,2026-07-30T05:52:41.196147+00:00,https://www.inmuebles24.com/casas-en-venta-en-benito-juarez-ordenado-por-fechaonline-descendente.html-pagina-6.html
https://www.inmuebles24.com/propiedades/clasificado/veclcain-napoles-casas-en-venta-frente-a-parque-en-corredor-150251104.html,14900000,"MN 14,900,000",MXN,venta,Casa,Ampliación Nápoles,Benito Juárez,Ciudad de México,408.0,244.0,Publicado hace 41 días,2026-06-19T15:47:38Z,2026-07-30T05:52:41.196147+00:00,https://www.inmuebles24.com/casas-en-venta-en-benito-juarez-ordenado-por-fechaonline-descendente.html-pagina-6.html
https://www.inmuebles24.com/propiedades/clasificado/veclcain-residencia-con-historia-y-caracter-en-del-valle-centro-150299717.html,18000000,"MN 18,000,000",MXN,venta,Casa,Del Valle Centro,Benito Juárez,Ciudad de México,304.0,494.0,Publicado hace 37 días,2026-06-23T19:10:32Z,2026-07-30T05:52:41.196147+00:00,https://www.inmuebles24.com/casas-en-venta-en-benito-juarez-ordenado-por-fechaonline-descendente.html-pagina-6.html
https://www.inmuebles24.com/propiedades/clasificado/veclcain-se-vende-casa-en-la-calle-de-mitla-en-la-colonia-150275378.html,16500000,"MN 16,500,000",MXN,venta,Casa,Narvarte Oriente,Benito Juárez,Ciudad de México,282.0,315.0,Publicado hace 39 días,2026-06-21T19:01:45Z,2026-07-30T05:52:41.196147+00:00,https://www.inmuebles24.com/casas-en-venta-en-benito-juarez-ordenado-por-fechaonline-descendente.html-pagina-6.html
https://www.inmuebles24.com/propiedades/clasificado/veclcain-vendo-casa-en-la-colonia-del-valle-150376945.html,18000000,"MN 18,000,000",MXN,venta,Casa,Del Valle Sur,Benito Juárez,Ciudad de México,456.0,711.0,Publicado hace 31 días,2026-06-29T21:05:02Z,2026-07-30T05:52:41.196147+00:00,https://www.inmuebles24.com/casas-en-venta-en-benito-juarez-ordenado-por-fechaonline-descendente.html-pagina-6.html
https://www.inmuebles24.com/propiedades/clasificado/veclcain-venta-de-departamento-con-cocina-de-granito-150298784.html,3760000,"MN 3,760,000",MXN,venta,Casa,San Pedro de los Pinos,Benito Juárez,Ciudad de México,78.0,78.0,Publicado hace 37 días,2026-06-23T18:15:56Z,2026-07-30T05:52:41.196147+00:00,https://www.inmuebles24.com/casas-en-venta-en-benito-juarez-ordenado-por-fechaonline-descendente.html-pagina-6.html
https://www.inmuebles24.com/propiedades/clasificado/veclcapa-oportunidad-150300391.html,11000000,"MN 11,000,000",MXN,venta,Casa,Vertiz Narvarte,Benito Juárez,Ciudad de México,259.0,237.0,Publicado hace 37 días,2026-06-23T19:33Z,2026-07-30T05:52:41.196147+00:00,https://www.inmuebles24.com/casas-en-venta-en-benito-juarez-ordenado-por-fechaonline-descendente.html-pagina-6.html
https://www.inmuebles24.com/propiedades/clasificado/veclcapa-venta-casa-4-recamaras-col.-letran-valle-150249375.html,9750000,"MN 9,750,000",MXN,venta,Casa,Letrán Valle,Benito Juárez,Ciudad de México,250.0,165.0,Publicado hace 41 días,2026-06-19T03:51:51Z,2026-07-30T05:52:41.196147+00:00,https://www.inmuebles24.com/casas-en-venta-en-benito-juarez-ordenado-por-fechaonline-descendente.html-pagina-6.html
https://www.inmuebles24.com/propiedades/clasificado/veclcain--casa-de-190-m-sup2--con-3-recamaras-en-venta-en-del-150147448.html,9800000,"MN 9,800,000",MXN,venta,Casa,Del Valle Centro,Benito Juárez,Ciudad de México,190.0,53.0,Publicado hace 51 días,2026-06-09T20:21:37Z,2026-07-30T05:53:41.730446+00:00,https://www.inmuebles24.com/casas-en-venta-en-benito-juarez-ordenado-por-fechaonline-descendente.html-pagina-7.html
https://www.inmuebles24.com/propiedades/clasificado/veclcain-casa-con-3-habitaciones-y-roof-top-con-gran-espacio-150199638.html,13700000,"MN 13,700,000",MXN,venta,Casa,Del Valle Centro,Benito Juárez,Ciudad de México,230.0,300.0,Publicado hace 46 días,2026-06-14T22:47:43Z,2026-07-30T05:53:41.730446+00:00,https://www.inmuebles24.com/casas-en-venta-en-benito-juarez-ordenado-por-fechaonline-descendente.html-pagina-7.html
https://www.inmuebles24.com/propiedades/clasificado/veclcain-casa-con-potencial-de-inversion-en-narvarte-con-jardin-150055155.html,20000000,"MN 20,000,000",MXN,venta,Casa,Narvarte Poniente,Benito Juárez,Ciudad de México,462.0,370.0,Publicado hace 59 días,2026-06-01T16:11:48Z,2026-07-30T05:53:41.730446+00:00,https://www.inmuebles24.com/casas-en-venta-en-benito-juarez-ordenado-por-fechaonline-descendente.html-pagina-7.html
https://www.inmuebles24.com/propiedades/clasificado/veclcain-casa-en-venta-benito-juarez-con-uso-comercial-150216712.html,10900000,"MN 10,900,000",MXN,venta,Casa,Postal,Benito Juárez,Ciudad de México,466.0,166.0,Publicado hace 44 días,2026-06-16T17:00:56Z,2026-07-30T05:53:41.730446+00:00,https://www.inmuebles24.com/casas-en-venta-en-benito-juarez-ordenado-por-fechaonline-descendente.html-pagina-7.html
https://www.inmuebles24.com/propiedades/clasificado/veclcain-casa-en-venta-con-excelente-distribucion.-150093386.html,6800000,"MN 6,800,000",MXN,venta,Casa,San Simón Ticumac,Benito Juárez,Ciudad de México,160.0,160.0,Publicado hace 57 días,2026-06-03T22:47:28Z,2026-07-30T05:53:41.730446+00:00,https://www.inmuebles24.com/casas-en-venta-en-benito-juarez-ordenado-por-fechaonline-descendente.html-pagina-7.html
https://www.inmuebles24.com/propiedades/clasificado/veclcain-casa-en-venta-del-valle-sur-benito-juarez-cdmx-150222927.html,12000000,"MN 12,000,000",MXN,venta,Casa,Del Valle Sur,Benito Juárez,Ciudad de México,276.0,80.0,Publicado hace 44 días,2026-06-17T00:07:54Z,2026-07-30T05:53:41.730446+00:00,https://www.inmuebles24.com/casas-en-venta-en-benito-juarez-ordenado-por-fechaonline-descendente.html-pagina-7.html
https://www.inmuebles24.com/propiedades/clasificado/veclcain-casa-en-venta-en-alcaldia-benito-juarez-150065142.html,10800000,"MN 10,800,000",MXN,venta,Casa,Independencia,Benito Juárez,Ciudad de México,600.0,316.0,Publicado hace 59 días,2026-06-02T00:02:34Z,2026-07-30T05:53:41.730446+00:00,https://www.inmuebles24.com/casas-en-venta-en-benito-juarez-ordenado-por-fechaonline-descendente.html-pagina-7.html
https://www.inmuebles24.com/propiedades/clasificado/veclcain-casa-en-venta-en-colonia-alamos-benito-juarez-150234130.html,11900000,"MN 11,900,000",MXN,venta,Casa,Álamos,Benito Juárez,Ciudad de México,310.0,368.0,Publicado hace 43 días,2026-06-17T20:59:42Z,2026-07-30T05:53:41.730446+00:00,https://www.inmuebles24.com/casas-en-venta-en-benito-juarez-ordenado-por-fechaonline-descendente.html-pagina-7.html
https://www.inmuebles24.com/propiedades/clasificado/veclcain-casa-en-venta-en-colonia-ticumac-benito-juarez.-150246004.html,9400000,"MN 9,400,000",MXN,venta,Casa,San Simón Ticumac,Benito Juárez,Ciudad de México,340.0,200.0,Publicado hace 42 días,2026-06-18T20:12:09Z,2026-07-30T05:53:41.730446+00:00,https://www.inmuebles24.com/casas-en-venta-en-benito-juarez-ordenado-por-fechaonline-descendente.html-pagina-7.html
https://www.inmuebles24.com/propiedades/clasificado/veclcain-casa-en-venta-en-del-valle-centro-150098361.html,18600000,"MN 18,600,000",MXN,venta,Casa,Del Valle Centro,Benito Juárez,Ciudad de México,380.0,228.0,Publicado hace 56 días,2026-06-04T15:29:35Z,2026-07-30T05:53:41.730446+00:00,https://www.inmuebles24.com/casas-en-venta-en-benito-juarez-ordenado-por-fechaonline-descendente.html-pagina-7.html
https://www.inmuebles24.com/propiedades/clasificado/veclcain-casa-en-venta-en-insurgentes-mixcoac-cdmx-4-150212710.html,12900000,"MN 12,900,000",MXN,venta,Casa,Insurgentes Mixcoac,Benito Juárez,Ciudad de México,210.0,229.0,Publicado hace 45 días,2026-06-16T03:12:24Z,2026-07-30T05:54:44.166795+00:00,https://www.inmuebles24.com/casas-en-venta-en-benito-juarez-ordenado-por-fechaonline-descendente.html-pagina-7.html
https://www.inmuebles24.com/propiedades/clasificado/veclcain-casa-en-venta-en-la-napoles-ideal-para-modernizar-150094202.html,17000000,"MN 17,000,000",MXN,venta,Casa,Nápoles,Benito Juárez,Ciudad de México,312.0,207.0,Publicado hace 57 días,2026-06-03T23:40:14Z,2026-07-30T05:54:44.166795+00:00,https://www.inmuebles24.com/casas-en-venta-en-benito-juarez-ordenado-por-fechaonline-descendente.html-pagina-7.html
https://www.inmuebles24.com/propiedades/clasificado/veclcain-casa-en-venta-en-narvarte-poniente-ciudad-de-mexico-150235183.html,12000000,"MN 12,000,000",MXN,venta,Casa,Narvarte Poniente,Benito Juárez,Ciudad de México,471.0,303.0,Publicado hace 43 días,2026-06-17T22:28:04Z,2026-07-30T05:54:44.166795+00:00,https://www.inmuebles24.com/casas-en-venta-en-benito-juarez-ordenado-por-fechaonline-descendente.html-pagina-7.html
https://www.inmuebles24.com/propiedades/clasificado/veclcain-casa-en-venta-narvarte-poniente-150132142.html,21000000,"MN 21,000,000",MXN,venta,Casa,Narvarte Poniente,Benito Juárez,Ciudad de México,526.0,459.0,Publicado hace 52 días,2026-06-08T19:07:35Z,2026-07-30T05:54:44.166795+00:00,https://www.inmuebles24.com/casas-en-venta-en-benito-juarez-ordenado-por-fechaonline-descendente.html-pagina-7.html
https://www.inmuebles24.com/propiedades/clasificado/veclcain-casa-en-venta-san-pedro-de-los-pinos-benito-juarez-150203023.html,17000000,"MN 17,000,000",MXN,venta,Casa,San Pedro de los Pinos,Benito Juárez,Ciudad de México,483.0,314.0,Publicado hace 45 días,2026-06-15T16:29:58Z,2026-07-30T05:54:44.166795+00:00,https://www.inmuebles24.com/casas-en-venta-en-benito-juarez-ordenado-por-fechaonline-descendente.html-pagina-7.html
https://www.inmuebles24.com/propiedades/clasificado/veclcain-casa-exterior-y-moderna-de-entrega-inmediata-en-150219414.html,13700000,"MN 13,700,000",MXN,venta,Casa,Del Valle Sur,Benito Juárez,Ciudad de México,203.0,303.0,Publicado hace 44 días,2026-06-16T19:39:20Z,2026-07-30T05:54:44.166795+00:00,https://www.inmuebles24.com/casas-en-venta-en-benito-juarez-ordenado-por-fechaonline-descendente.html-pagina-7.html
https://www.inmuebles24.com/propiedades/clasificado/veclcain-casa-para-remodelar-calle-palenque-alcaldia-benito-150125465.html,9000000,"MN 9,000,000",MXN,venta,Casa,Vertiz Narvarte,Benito Juárez,Ciudad de México,290.0,141.0,Publicado hace 53 días,2026-06-07T16:09:15Z,2026-07-30T05:54:44.166795+00:00,https://www.inmuebles24.com/casas-en-venta-en-benito-juarez-ordenado-por-fechaonline-descendente.html-pagina-7.html
https://www.inmuebles24.com/propiedades/clasificado/veclcain-casa-remodelada-en-venta-col.-miravalle-bj-cdmx-150192879.html,10400000,"MN 10,400,000",MXN,venta,Casa,Miravalle,Benito Juárez,Ciudad de México,240.0,240.0,Publicado hace 48 días,2026-06-13T01:47:07Z,2026-07-30T05:54:44.166795+00:00,https://www.inmuebles24.com/casas-en-venta-en-benito-juarez-ordenado-por-fechaonline-descendente.html-pagina-7.html
https://www.inmuebles24.com/propiedades/clasificado/veclcain-casa-san-pedro-de-los-pinos-149928514.html,16850000,"MN 16,850,000",MXN,venta,Casa,San Pedro de los Pinos,Benito Juárez,Ciudad de México,400.0,374.0,Publicado hace 52 días,2026-05-20T02:11:50Z,2026-07-30T05:54:44.166795+00:00,https://www.inmuebles24.com/casas-en-venta-en-benito-juarez-ordenado-por-fechaonline-descendente.html-pagina-7.html
https://www.inmuebles24.com/propiedades/clasificado/veclcain-casa-san-pedro-de-los-pinos-150134880.html,16850000,"MN 16,850,000",MXN,venta,Casa,San Pedro de los Pinos,Benito Juárez,Ciudad de México,400.0,374.0,Publicado hace 52 días,2026-06-08T20:59:21Z,2026-07-30T05:54:44.166795+00:00,https://www.inmuebles24.com/casas-en-venta-en-benito-juarez-ordenado-por-fechaonline-descendente.html-pagina-7.html
https://www.inmuebles24.com/propiedades/clasificado/veclcain-casa-venta-anaxagoras-letran-valle-150073804.html,10990000,"MN 10,990,000",MXN,venta,Casa,Letrán Valle,Benito Juárez,Ciudad de México,320.0,160.0,Publicado hace 58 días,2026-06-02T18:22:11Z,2026-07-30T05:55:46.954974+00:00,https://www.inmuebles24.com/casas-en-venta-en-benito-juarez-ordenado-por-fechaonline-descendente.html-pagina-7.html
https://www.inmuebles24.com/propiedades/clasificado/veclcain-exclusivo-desarrollo-de-solo-4-casas-en-condominio-150195589.html,15989400,"MN 15,989,400",MXN,venta,Casa,Del Valle Sur,Benito Juárez,Ciudad de México,300.0,420.0,Publicado hace 47 días,2026-06-13T19:31:04Z,2026-07-30T05:55:46.954974+00:00,https://www.inmuebles24.com/casas-en-venta-en-benito-juarez-ordenado-por-fechaonline-descendente.html-pagina-7.html
https://www.inmuebles24.com/propiedades/clasificado/veclcain-se-vende-casa-alcaldia-benito-juarez-cdmx-150165116.html,6500000,"MN 6,500,000",MXN,venta,Casa,Del Carmen,Benito Juárez,Ciudad de México,237.0,386.0,Publicado hace 50 días,2026-06-10T20:27:27Z,2026-07-30T05:55:46.954974+00:00,https://www.inmuebles24.com/casas-en-venta-en-benito-juarez-ordenado-por-fechaonline-descendente.html-pagina-7.html
https://www.inmuebles24.com/propiedades/clasificado/veclcain-venta-amplia-casa-centrica-zona-napoles-150166957.html,12700000,"MN 12,700,000",MXN,venta,Casa,Nápoles,Benito Juárez,Ciudad de México,263.0,154.0,Publicado hace 50 días,2026-06-10T22:51:14Z,2026-07-30T05:55:46.954974+00:00,https://www.inmuebles24.com/casas-en-venta-en-benito-juarez-ordenado-por-fechaonline-descendente.html-pagina-7.html
https://www.inmuebles24.com/propiedades/clasificado/veclcain-venta-casa-en-benito-juarez-con-gran-potencial-150180712.html,8490000,"MN 8,490,000",MXN,venta,Casa,Moderna,Benito Juárez,Ciudad de México,246.0,200.0,Publicado hace 49 días,2026-06-12T01:29:13Z,2026-07-30T05:55:46.954974+00:00,https://www.inmuebles24.com/casas-en-venta-en-benito-juarez-ordenado-por-fechaonline-descendente.html-pagina-7.html
https://www.inmuebles24.com/propiedades/clasificado/veclcain-venta-casa-narvarte-poniente-150146645.html,14000000,"MN 14,000,000",MXN,venta,Casa,Narvarte Poniente,Benito Juárez,Ciudad de México,457.0,296.0,Publicado hace 51 días,2026-06-09T19:26:23Z,2026-07-30T05:55:46.954974+00:00,https://www.inmuebles24.com/casas-en-venta-en-benito-juarez-ordenado-por-fechaonline-descendente.html-pagina-7.html
https://www.inmuebles24.com/propiedades/clasificado/veclcain-venta-de-casa-con-arquitectura-modernista-con-alberca-150242799.html,19500000,"MN 19,500,000",MXN,venta,Casa,Extremadura Insurgentes,Benito Juárez,Ciudad de México,568.0,400.0,Publicado hace 42 días,2026-06-18T17:15:39Z,2026-07-30T05:55:46.954974+00:00,https://www.inmuebles24.com/casas-en-venta-en-benito-juarez-ordenado-por-fechaonline-descendente.html-pagina-7.html
https://www.inmuebles24.com/propiedades/clasificado/veclcain-venta-de-edificio-residencial-en-narvarte-con-2-150116314.html,11800000,"MN 11,800,000",MXN,venta,Casa,Narvarte Poniente,Benito Juárez,Ciudad de México,370.0,250.0,Publicado hace 55 días,2026-06-05T22:22:19Z,2026-07-30T05:55:46.954974+00:00,https://www.inmuebles24.com/casas-en-venta-en-benito-juarez-ordenado-por-fechaonline-descendente.html-pagina-7.html
https://www.inmuebles24.com/propiedades/clasificado/veclcapa-casa-en-venta-colonia-actipan-insurgentes-150142604.html,10980000,"MN 10,980,000",MXN,venta,Casa,Actipan,Benito Juárez,Ciudad de México,270.0,270.0,Publicado hace 51 días,2026-06-09T16:25:15Z,2026-07-30T05:55:46.954974+00:00,https://www.inmuebles24.com/casas-en-venta-en-benito-juarez-ordenado-por-fechaonline-descendente.html-pagina-7.html
https://www.inmuebles24.com/propiedades/clasificado/veclcapa-venta-urgente-casa-150263281.html,7990000,"MN 7,990,000",MXN,venta,Casa,Xoco,Benito Juárez,Ciudad de México,200.0,175.0,Publicado hace 41 días,2026-06-20T01:04:44Z,2026-07-30T05:55:46.954974+00:00,https://www.inmuebles24.com/casas-en-venta-en-benito-juarez-ordenado-por-fechaonline-descendente.html-pagina-7.html
https://www.inmuebles24.com/propiedades/clasificado/veclcain-adolfo-prieto-col.-del-valle-centro.-309-m-sup2--149887784.html,12950000,"MN 12,950,000",MXN,venta,Casa,Del Valle Centro,Benito Juárez,Ciudad de México,309.0,227.0,Publicado hace 75 días,2026-05-16T15:41:18Z,2026-07-30T05:56:48.142276+00:00,https://www.inmuebles24.com/casas-en-venta-en-benito-juarez-ordenado-por-fechaonline-descendente.html-pagina-8.html
https://www.inmuebles24.com/propiedades/clasificado/veclcain-casa-benito-juarez-149898683.html,15700000,"MN 15,700,000",MXN,venta,Casa,,Benito Juárez,Ciudad de México,374.0,374.0,Publicado hace 74 días,2026-05-18T03:36:40Z,2026-07-30T05:56:48.142276+00:00,https://www.inmuebles24.com/casas-en-venta-en-benito-juarez-ordenado-por-fechaonline-descendente.html-pagina-8.html
https://www.inmuebles24.com/propiedades/clasificado/veclcain-casa-en-condominio-en-venta-insurgentes-mixcoac-150031184.html,14500000,"MN 14,500,000",MXN,venta,Casa,Insurgentes Mixcoac,Benito Juárez,Ciudad de México,263.0,263.0,Publicado hace 63 días,2026-05-28T22:46:08Z,2026-07-30T05:56:48.142276+00:00,https://www.inmuebles24.com/casas-en-venta-en-benito-juarez-ordenado-por-fechaonline-descendente.html-pagina-8.html
https://www.inmuebles24.com/propiedades/clasificado/veclcain-casa-en-condominio-horizontal-en-alamos-149941816.html,7990000,"MN 7,990,000",MXN,venta,Casa,Álamos,Benito Juárez,Ciudad de México,180.0,180.0,Publicado hace 71 días,2026-05-21T03:25:04Z,2026-07-30T05:56:48.142276+00:00,https://www.inmuebles24.com/casas-en-venta-en-benito-juarez-ordenado-por-fechaonline-descendente.html-pagina-8.html
https://www.inmuebles24.com/propiedades/clasificado/veclcain-casa-en-residencial-emperadores-149967528.html,24900000,"MN 24,900,000",MXN,venta,Casa,Residencial Emperadores,Benito Juárez,Ciudad de México,490.0,470.0,Publicado hace 69 días,2026-05-22T22:26:06Z,2026-07-30T05:56:48.142276+00:00,https://www.inmuebles24.com/casas-en-venta-en-benito-juarez-ordenado-por-fechaonline-descendente.html-pagina-8.html
https://www.inmuebles24.com/propiedades/clasificado/veclcain-casa-en-venta-en-del-valle-norte-benito-juarez-149984746.html,14800000,"MN 14,800,000",MXN,venta,Casa,Del Valle Norte,Benito Juárez,Ciudad de México,415.0,216.0,Publicado hace 66 días,2026-05-25T16:21:47Z,2026-07-30T05:56:48.142276+00:00,https://www.inmuebles24.com/casas-en-venta-en-benito-juarez-ordenado-por-fechaonline-descendente.html-pagina-8.html
https://www.inmuebles24.com/propiedades/clasificado/veclcain-casa-en-venta-en-la-colonia-letran-valle-4-149941670.html,11000000,"MN 11,000,000",MXN,venta,Casa,Letrán Valle,Benito Juárez,Ciudad de México,275.0,248.0,Publicado hace 71 días,2026-05-21T03:12:24Z,2026-07-30T05:56:48.142276+00:00,https://www.inmuebles24.com/casas-en-venta-en-benito-juarez-ordenado-por-fechaonline-descendente.html-pagina-8.html
https://www.inmuebles24.com/propiedades/clasificado/veclcain-casa-en-venta-en-letran-valle-con-terraza-y-patio-150025635.html,15000000,"MN 15,000,000",MXN,venta,Casa,Letrán Valle,Benito Juárez,Ciudad de México,471.0,243.0,Publicado hace 63 días,2026-05-28T15:41:58Z,2026-07-30T05:56:48.142276+00:00,https://www.inmuebles24.com/casas-en-venta-en-benito-juarez-ordenado-por-fechaonline-descendente.html-pagina-8.html
https://www.inmuebles24.com/propiedades/clasificado/veclcain-casa-en-venta-en-narvarte-oriente-149947450.html,11700000,"MN 11,700,000",MXN,venta,Casa,Narvarte Oriente,Benito Juárez,Ciudad de México,300.0,132.0,Publicado hace 70 días,2026-05-21T16:00:54Z,2026-07-30T05:56:48.142276+00:00,https://www.inmuebles24.com/casas-en-venta-en-benito-juarez-ordenado-por-fechaonline-descendente.html-pagina-8.html
https://www.inmuebles24.com/propiedades/clasificado/veclcain-casa-en-venta-en-narvarte-oriente-benito-juarez-149992235.html,15200000,"MN 15,200,000",MXN,venta,Casa,Narvarte Oriente,Benito Juárez,Ciudad de México,313.0,207.0,Publicado hace 66 días,2026-05-25T23:19:54Z,2026-07-30T05:56:48.142276+00:00,https://www.inmuebles24.com/casas-en-venta-en-benito-juarez-ordenado-por-fechaonline-descendente.html-pagina-8.html
https://www.inmuebles24.com/propiedades/clasificado/veclcain-casa-en-venta-en-xoco-alcaldia-benito-juarez-150001721.html,7990000,"MN 7,990,000",MXN,venta,Casa,Xoco,Benito Juárez,Ciudad de México,200.0,172.0,Publicado hace 64 días,2026-05-26T18:33:19Z,2026-07-30T05:57:53.388770+00:00,https://www.inmuebles24.com/casas-en-venta-en-benito-juarez-ordenado-por-fechaonline-descendente.html-pagina-8.html
https://www.inmuebles24.com/propiedades/clasificado/veclcain-casa-en-venta-para-remodelar-en-narvarte-149910949.html,9000000,"MN 9,000,000",MXN,venta,Casa,Vertiz Narvarte,Benito Juárez,Ciudad de México,220.0,150.0,Publicado hace 73 días,2026-05-19T00:39:20Z,2026-07-30T05:57:53.388770+00:00,https://www.inmuebles24.com/casas-en-venta-en-benito-juarez-ordenado-por-fechaonline-descendente.html-pagina-8.html
https://www.inmuebles24.com/propiedades/clasificado/veclcain-casa-en-venta-san-pedro-de-los-pinos-149967786.html,17000000,"MN 17,000,000",MXN,venta,Casa,San Pedro de los Pinos,Benito Juárez,Ciudad de México,400.0,374.0,Publicado hace 69 días,2026-05-22T22:47:11Z,2026-07-30T05:57:53.388770+00:00,https://www.inmuebles24.com/casas-en-venta-en-benito-juarez-ordenado-por-fechaonline-descendente.html-pagina-8.html
https://www.inmuebles24.com/propiedades/clasificado/veclcain-casa-en-venta-vertiz-narvarte-benito-juarez-cdmx.-150000804.html,25000000,"MN 25,000,000",MXN,venta,Casa,Vertiz Narvarte,Benito Juárez,Ciudad de México,396.0,425.0,Publicado hace 65 días,2026-05-26T17:39:10Z,2026-07-30T05:57:53.388770+00:00,https://www.inmuebles24.com/casas-en-venta-en-benito-juarez-ordenado-por-fechaonline-descendente.html-pagina-8.html
https://www.inmuebles24.com/propiedades/clasificado/veclcain-casa-en-vertiz-narvarte-en-venta-149939000.html,16000000,"MN 16,000,000",MXN,venta,Casa,Vertiz Narvarte,Benito Juárez,Ciudad de México,395.0,360.0,Publicado hace 71 días,2026-05-20T22:44:02Z,2026-07-30T05:57:53.388770+00:00,https://www.inmuebles24.com/casas-en-venta-en-benito-juarez-ordenado-por-fechaonline-descendente.html-pagina-8.html
https://www.inmuebles24.com/propiedades/clasificado/veclcain-casa-sola-en-venta-en-la-colonia-san-borja-149922497.html,17650000,"MN 17,650,000",MXN,venta,Casa,Insurgentes San Borja,Benito Juárez,Ciudad de México,350.0,200.0,Publicado hace 72 días,2026-05-19T17:56:46Z,2026-07-30T05:57:53.388770+00:00,https://www.inmuebles24.com/casas-en-venta-en-benito-juarez-ordenado-por-fechaonline-descendente.html-pagina-8.html
https://www.inmuebles24.com/propiedades/clasificado/veclcain-casa-sola-en-venta-narvarte-poniente-149879658.html,14800000,"MN 14,800,000",MXN,venta,Casa,Narvarte Poniente,Benito Juárez,Ciudad de México,415.0,219.0,Publicado hace 76 días,2026-05-16T03:27:12Z,2026-07-30T05:57:53.388770+00:00,https://www.inmuebles24.com/casas-en-venta-en-benito-juarez-ordenado-por-fechaonline-descendente.html-pagina-8.html
https://www.inmuebles24.com/propiedades/clasificado/veclcain-casa-venta-149906431.html,10950000,"MN 10,950,000",MXN,venta,Casa,Letrán Valle,Benito Juárez,Ciudad de México,290.0,170.0,Publicado hace 73 días,2026-05-18T19:31:26Z,2026-07-30T05:57:53.388770+00:00,https://www.inmuebles24.com/casas-en-venta-en-benito-juarez-ordenado-por-fechaonline-descendente.html-pagina-8.html
https://www.inmuebles24.com/propiedades/clasificado/veclcain-casa-venta-150008284.html,6250000,"MN 6,250,000",MXN,venta,Casa,Ciudad de los Deportes,Benito Juárez,Ciudad de México,156.0,108.0,Publicado hace 65 días,2026-05-27T02:27:37Z,2026-07-30T05:57:53.388770+00:00,https://www.inmuebles24.com/casas-en-venta-en-benito-juarez-ordenado-por-fechaonline-descendente.html-pagina-8.html
https://www.inmuebles24.com/propiedades/clasificado/veclcain-casa-venta-en-col.-narvarte-215-m-sup2-c-150066255.html,13300000,"MN 13,300,000",MXN,venta,Casa,Narvarte Oriente,Benito Juárez,Ciudad de México,215.0,215.0,Publicado hace 59 días,2026-06-02T01:20:55Z,2026-07-30T05:57:53.388770+00:00,https://www.inmuebles24.com/casas-en-venta-en-benito-juarez-ordenado-por-fechaonline-descendente.html-pagina-8.html
https://www.inmuebles24.com/propiedades/clasificado/veclcain-casa-venta-en-col.-tlacoquemecatl-383-m-sup2--con-149956147.html,16600000,"MN 16,600,000",MXN,venta,Casa,Tlacoquemecatl,Benito Juárez,Ciudad de México,383.0,203.0,Publicado hace 70 días,2026-05-22T00:06:26Z,2026-07-30T05:58:52.447369+00:00,https://www.inmuebles24.com/casas-en-venta-en-benito-juarez-ordenado-por-fechaonline-descendente.html-pagina-8.html
https://www.inmuebles24.com/propiedades/clasificado/veclcain-estupenda-casa-de-huespedes-con-posibilidades-de-150028102.html,17000000,"MN 17,000,000",MXN,venta,Casa,San Pedro de los Pinos,Benito Juárez,Ciudad de México,400.0,374.0,Publicado hace 63 días,2026-05-28T19:12:20Z,2026-07-30T05:58:52.447369+00:00,https://www.inmuebles24.com/casas-en-venta-en-benito-juarez-ordenado-por-fechaonline-descendente.html-pagina-8.html
https://www.inmuebles24.com/propiedades/clasificado/veclcain-excelente-casa-para-remodelar-en-narvarte-149990568.html,14000000,"MN 14,000,000",MXN,venta,Casa,Narvarte Poniente,Benito Juárez,Ciudad de México,456.0,300.0,Publicado hace 66 días,2026-05-25T21:16:52Z,2026-07-30T05:58:52.447369+00:00,https://www.inmuebles24.com/casas-en-venta-en-benito-juarez-ordenado-por-fechaonline-descendente.html-pagina-8.html
https://www.inmuebles24.com/propiedades/clasificado/veclcain-se-vende-casa-muy-bien-ubicada-en-americas-unidas.-150055032.html,6800000,"MN 6,800,000",MXN,venta,Casa,Américas Unidas,Benito Juárez,Ciudad de México,204.0,163.0,Publicado hace 59 días,2026-06-01T15:58:10Z,2026-07-30T05:58:52.447369+00:00,https://www.inmuebles24.com/casas-en-venta-en-benito-juarez-ordenado-por-fechaonline-descendente.html-pagina-8.html
https://www.inmuebles24.com/propiedades/clasificado/veclcain-townhouse-$12-000-000-del-valle-norte.-alc-b.-juarez.-149974039.html,12000000,"MN 12,000,000",MXN,venta,Casa,Del Valle Norte,Benito Juárez,Ciudad de México,227.0,227.0,Publicado hace 68 días,2026-05-23T16:04:30Z,2026-07-30T05:58:52.447369+00:00,https://www.inmuebles24.com/casas-en-venta-en-benito-juarez-ordenado-por-fechaonline-descendente.html-pagina-8.html
https://www.inmuebles24.com/propiedades/clasificado/veclcain-venta-casa-330-m-sup2--col.-piedad-narvarte-alcaldia-150049950.html,12900000,"MN 12,900,000",MXN,venta,Casa,Piedad Narvarte,Benito Juárez,Ciudad de México,330.0,250.0,Publicado hace 60 días,2026-05-31T15:26:30Z,2026-07-30T05:58:52.447369+00:00,https://www.inmuebles24.com/casas-en-venta-en-benito-juarez-ordenado-por-fechaonline-descendente.html-pagina-8.html
https://www.inmuebles24.com/propiedades/clasificado/veclcain-venta-casa-con-uso-ideal-para-oficinas-obrero-150020844.html,16500000,"MN 16,500,000",MXN,venta,Casa,Atenor Salas,Benito Juárez,Ciudad de México,412.0,212.0,Publicado hace 64 días,2026-05-27T22:50:46Z,2026-07-30T05:58:52.447369+00:00,https://www.inmuebles24.com/casas-en-venta-en-benito-juarez-ordenado-por-fechaonline-descendente.html-pagina-8.html
https://www.inmuebles24.com/propiedades/clasificado/veclcain-venta-casa-en-condominio-col.-narvarte-poniente-149987947.html,9500000,"MN 9,500,000",MXN,venta,Casa,Narvarte Poniente,Benito Juárez,Ciudad de México,170.0,60.0,Publicado hace 66 días,2026-05-25T19:40:49Z,2026-07-30T05:58:52.447369+00:00,https://www.inmuebles24.com/casas-en-venta-en-benito-juarez-ordenado-por-fechaonline-descendente.html-pagina-8.html
https://www.inmuebles24.com/propiedades/clasificado/veclcain-venta-de-casa-con-uso-de-suelo-en-colonia-del-valle-150002959.html,11350000,"MN 11,350,000",MXN,venta,Casa,Del Valle Centro,Benito Juárez,Ciudad de México,273.0,175.0,Publicado hace 65 días,2026-05-26T19:49:55Z,2026-07-30T05:58:52.447369+00:00,https://www.inmuebles24.com/casas-en-venta-en-benito-juarez-ordenado-por-fechaonline-descendente.html-pagina-8.html
https://www.inmuebles24.com/propiedades/clasificado/veclcapa-casa-con-excelente-ubicacion.-uso-suelo-multiple-h5-149865145.html,26000000,"MN 26,000,000",MXN,venta,Casa,Del Valle Norte,Benito Juárez,Ciudad de México,602.0,319.0,Publicado hace 62 días,2026-05-15T03:12:36Z,2026-07-30T05:58:52.447369+00:00,https://www.inmuebles24.com/casas-en-venta-en-benito-juarez-ordenado-por-fechaonline-descendente.html-pagina-8.html
https://www.inmuebles24.com/propiedades/clasificado/veclcain--amplia-casa-en-venta!-excelente-iluminacion-y-149806422.html,14470000,"MN 14,470,000",MXN,venta,Casa,Acacias,Benito Juárez,Ciudad de México,306.0,194.0,Publicado hace 81 días,2026-05-10T13:46:59Z,2026-07-30T05:59:52.628557+00:00,https://www.inmuebles24.com/casas-en-venta-en-benito-juarez-ordenado-por-fechaonline-descendente.html-pagina-9.html
https://www.inmuebles24.com/propiedades/clasificado/veclcain-casa-con-148-m-sup2--superficie-de-terreno-y-4-149745960.html,14000000,"MN 14,000,000",MXN,venta,Casa,San José Insurgentes,Benito Juárez,Ciudad de México,280.0,148.0,Publicado hace 86 días,2026-05-05T13:06:17Z,2026-07-30T05:59:52.628557+00:00,https://www.inmuebles24.com/casas-en-venta-en-benito-juarez-ordenado-por-fechaonline-descendente.html-pagina-9.html
https://www.inmuebles24.com/propiedades/clasificado/veclcain-casa-con-256-m-sup2--superficie-de-terreno-y-5-149767454.html,13300000,"MN 13,300,000",MXN,venta,Casa,Del Valle Centro,Benito Juárez,Ciudad de México,207.0,256.0,Publicado hace 85 días,2026-05-07T00:50:34Z,2026-07-30T05:59:52.628557+00:00,https://www.inmuebles24.com/casas-en-venta-en-benito-juarez-ordenado-por-fechaonline-descendente.html-pagina-9.html
https://www.inmuebles24.com/propiedades/clasificado/veclcain-casa-de-290-m-sup2--col.-letran-valle-149738600.html,7600000,"MN 7,600,000",MXN,venta,Casa,Letrán Valle,Benito Juárez,Ciudad de México,290.0,151.0,Publicado hace 87 días,2026-05-04T20:56:59Z,2026-07-30T05:59:52.628557+00:00,https://www.inmuebles24.com/casas-en-venta-en-benito-juarez-ordenado-por-fechaonline-descendente.html-pagina-9.html
https://www.inmuebles24.com/propiedades/clasificado/veclcain-casa-en-mixcoac-149785662.html,11280000,"MN 11,280,000",MXN,venta,Casa,Mixcoac,Benito Juárez,Ciudad de México,371.0,279.0,Publicado hace 83 días,2026-05-08T04:55:28Z,2026-07-30T05:59:52.628557+00:00,https://www.inmuebles24.com/casas-en-venta-en-benito-juarez-ordenado-por-fechaonline-descendente.html-pagina-9.html
https://www.inmuebles24.com/propiedades/clasificado/veclcain-casa-en-piedad-narvarte-en-venta-149752734.html,30200000,"MN 30,200,000",MXN,venta,Casa,Piedad Narvarte,Benito Juárez,Ciudad de México,501.0,299.0,Publicado hace 86 días,2026-05-05T23:24:50Z,2026-07-30T05:59:52.628557+00:00,https://www.inmuebles24.com/casas-en-venta-en-benito-juarez-ordenado-por-fechaonline-descendente.html-pagina-9.html
https://www.inmuebles24.com/propiedades/clasificado/veclcain-casa-en-venta-de-3-niveles-insurgentes-san-borja-del-149781254.html,18900000,"MN 18,900,000",MXN,venta,Casa,Insurgentes San Borja,Benito Juárez,Ciudad de México,530.0,261.0,Publicado hace 84 días,2026-05-07T22:16:46Z,2026-07-30T05:59:52.628557+00:00,https://www.inmuebles24.com/casas-en-venta-en-benito-juarez-ordenado-por-fechaonline-descendente.html-pagina-9.html
https://www.inmuebles24.com/propiedades/clasificado/veclcain-casa-en-venta-en-acacias-149846569.html,14470000,"MN 14,470,000",MXN,venta,Casa,Acacias,Benito Juárez,Ciudad de México,306.0,195.0,Publicado hace 78 días,2026-05-13T20:34:34Z,2026-07-30T05:59:52.628557+00:00,https://www.inmuebles24.com/casas-en-venta-en-benito-juarez-ordenado-por-fechaonline-descendente.html-pagina-9.html
https://www.inmuebles24.com/propiedades/clasificado/veclcain-casa-en-venta-en-cdmx-dentro-de-condominio-149764549.html,13700000,"MN 13,700,000",MXN,venta,Casa,San José Insurgentes,Benito Juárez,Ciudad de México,382.0,135.0,Publicado hace 85 días,2026-05-06T20:26:59Z,2026-07-30T05:59:52.628557+00:00,https://www.inmuebles24.com/casas-en-venta-en-benito-juarez-ordenado-por-fechaonline-descendente.html-pagina-9.html
https://www.inmuebles24.com/propiedades/clasificado/veclcain-casa-en-venta-en-colonia-narvarte-remodelada-149741001.html,11700000,"MN 11,700,000",MXN,venta,Casa,,Benito Juárez,Ciudad de México,300.0,132.0,Publicado hace 87 días,2026-05-04T23:49:42Z,2026-07-30T05:59:52.628557+00:00,https://www.inmuebles24.com/casas-en-venta-en-benito-juarez-ordenado-por-fechaonline-descendente.html-pagina-9.html
https://www.inmuebles24.com/propiedades/clasificado/veclcain-casa-en-venta-en-narvarte-poniente-149829965.html,10900000,"MN 10,900,000",MXN,venta,Casa,Narvarte Poniente,Benito Juárez,Ciudad de México,372.0,205.0,Publicado hace 79 días,2026-05-12T19:46:03Z,2026-07-30T06:01:00.299016+00:00,https://www.inmuebles24.com/casas-en-venta-en-benito-juarez-ordenado-por-fechaonline-descendente.html-pagina-9.html
https://www.inmuebles24.com/propiedades/clasificado/veclcain-casa-en-venta-estilo-townhouse-en-mixcoac-benito-149730725.html,7477596,"MN 7,477,596",MXN,venta,Casa,Mixcoac,Benito Juárez,Ciudad de México,143.0,143.0,Publicado hace 88 días,2026-05-04T02:07:12Z,2026-07-30T06:01:00.299016+00:00,https://www.inmuebles24.com/casas-en-venta-en-benito-juarez-ordenado-por-fechaonline-descendente.html-pagina-9.html
https://www.inmuebles24.com/propiedades/clasificado/veclcain-casa-en-venta-para-remodelar-benito-juarez-ciudad-de-149726999.html,8000000,"MN 8,000,000",MXN,venta,Casa,Niños Héroes,Benito Juárez,Ciudad de México,236.0,220.0,Publicado hace 89 días,2026-05-03T01:52:20Z,2026-07-30T06:01:00.299016+00:00,https://www.inmuebles24.com/casas-en-venta-en-benito-juarez-ordenado-por-fechaonline-descendente.html-pagina-9.html
https://www.inmuebles24.com/propiedades/clasificado/veclcain-casa-en-venta-para-remodelar-en-la-narvarte-poniente-149748912.html,9900000,"MN 9,900,000",MXN,venta,Casa,Narvarte Poniente,Benito Juárez,Ciudad de México,320.0,210.0,Publicado hace 86 días,2026-05-05T18:30:28Z,2026-07-30T06:01:00.299016+00:00,https://www.inmuebles24.com/casas-en-venta-en-benito-juarez-ordenado-por-fechaonline-descendente.html-pagina-9.html
https://www.inmuebles24.com/propiedades/clasificado/veclcain-casa-en-venta-san-jose-insurgentes-cdmx-149776011.html,14500000,"MN 14,500,000",MXN,venta,Casa,San José Insurgentes,Benito Juárez,Ciudad de México,400.0,170.0,Publicado hace 84 días,2026-05-07T18:50:07Z,2026-07-30T06:01:00.299016+00:00,https://www.inmuebles24.com/casas-en-venta-en-benito-juarez-ordenado-por-fechaonline-descendente.html-pagina-9.html
https://www.inmuebles24.com/propiedades/clasificado/veclcain-casa-en-venta-san-simon-ticumac-149715685.html,9700000,"MN 9,700,000",MXN,venta,Casa,San Simón Ticumac,Benito Juárez,Ciudad de México,340.0,240.0,Publicado hace 91 días,2026-04-30T23:58:56Z,2026-07-30T06:01:00.299016+00:00,https://www.inmuebles24.com/casas-en-venta-en-benito-juarez-ordenado-por-fechaonline-descendente.html-pagina-9.html
https://www.inmuebles24.com/propiedades/clasificado/veclcain-casa-moderna-con-elevador-roof-garden-y-acabados-de-149730548.html,18900000,"MN 18,900,000",MXN,venta,Casa,Actipan,Benito Juárez,Ciudad de México,396.0,160.0,Publicado hace 88 días,2026-05-04T00:59:17Z,2026-07-30T06:01:00.299016+00:00,https://www.inmuebles24.com/casas-en-venta-en-benito-juarez-ordenado-por-fechaonline-descendente.html-pagina-9.html
https://www.inmuebles24.com/propiedades/clasificado/veclcain-casa-para-actualizar-219-m-sup2--terreno-san-jose-149830275.html,13495000,"MN 13,495,000",MXN,venta,Casa,San José Insurgentes,Benito Juárez,Ciudad de México,311.0,219.0,Publicado hace 79 días,2026-05-12T20:14:53Z,2026-07-30T06:01:00.299016+00:00,https://www.inmuebles24.com/casas-en-venta-en-benito-juarez-ordenado-por-fechaonline-descendente.html-pagina-9.html
https://www.inmuebles24.com/propiedades/clasificado/veclcain-casa-venta-149760473.html,7600000,"MN 7,600,000",MXN,venta,Casa,Santa María Nonoalco,Benito Juárez,Ciudad de México,209.0,209.0,Publicado hace 85 días,2026-05-06T17:43:43Z,2026-07-30T06:01:00.299016+00:00,https://www.inmuebles24.com/casas-en-venta-en-benito-juarez-ordenado-por-fechaonline-descendente.html-pagina-9.html
https://www.inmuebles24.com/propiedades/clasificado/veclcain-casa-venta-149774262.html,17500000,"MN 17,500,000",MXN,venta,Casa,Actipan,Benito Juárez,Ciudad de México,346.0,346.0,Publicado hace 84 días,2026-05-07T17:43:14Z,2026-07-30T06:01:00.299016+00:00,https://www.inmuebles24.com/casas-en-venta-en-benito-juarez-ordenado-por-fechaonline-descendente.html-pagina-9.html
https://www.inmuebles24.com/propiedades/clasificado/veclcain-casa-venta-en-narvarte-poniente-149761725.html,26000000,"MN 26,000,000",MXN,venta,Casa,Narvarte Poniente,Benito Juárez,Ciudad de México,1200.0,520.0,Publicado hace 85 días,2026-05-06T19:04:13Z,2026-07-30T06:01:59.347996+00:00,https://www.inmuebles24.com/casas-en-venta-en-benito-juarez-ordenado-por-fechaonline-descendente.html-pagina-9.html
https://www.inmuebles24.com/propiedades/clasificado/veclcain-del-valle-centro-casa-con-uso-de-suelo-para-oficinas-149797081.html,17500000,"MN 17,500,000",MXN,venta,Casa,Del Valle Centro,Benito Juárez,Ciudad de México,350.0,263.0,Publicado hace 83 días,2026-05-09T01:16:57Z,2026-07-30T06:01:59.347996+00:00,https://www.inmuebles24.com/casas-en-venta-en-benito-juarez-ordenado-por-fechaonline-descendente.html-pagina-9.html
https://www.inmuebles24.com/propiedades/clasificado/veclcain-preciosa-casa-en-san-pedro-adaptada-con-15-149847732.html,17000000,"MN 17,000,000",MXN,venta,Casa,San Pedro de los Pinos,Benito Juárez,Ciudad de México,400.0,376.0,Publicado hace 78 días,2026-05-13T22:27:08Z,2026-07-30T06:01:59.347996+00:00,https://www.inmuebles24.com/casas-en-venta-en-benito-juarez-ordenado-por-fechaonline-descendente.html-pagina-9.html
https://www.inmuebles24.com/propiedades/clasificado/veclcain-tigre-11-vendo-570-m-sup2-t-2-frentes-enfrente-de-149720148.html,25900000,"MN 25,900,000",MXN,venta,Casa,Del Valle Sur,Benito Juárez,Ciudad de México,422.0,570.0,Publicado hace 90 días,2026-05-01T17:52:52Z,2026-07-30T06:01:59.347996+00:00,https://www.inmuebles24.com/casas-en-venta-en-benito-juarez-ordenado-por-fechaonline-descendente.html-pagina-9.html
https://www.inmuebles24.com/propiedades/clasificado/veclcain-venta-casa-habitacional-con-uso-de-suelo-mixto-149833290.html,7300000,"MN 7,300,000",MXN,venta,Casa,San Simón Ticumac,Benito Juárez,Ciudad de México,252.0,190.0,Publicado hace 79 días,2026-05-13T00:10:28Z,2026-07-30T06:01:59.347996+00:00,https://www.inmuebles24.com/casas-en-venta-en-benito-juarez-ordenado-por-fechaonline-descendente.html-pagina-9.html
https://www.inmuebles24.com/propiedades/clasificado/veclcain-venta-casa-ideal-para-desarrollador-colonia-narvarte-149720449.html,26000000,"MN 26,000,000",MXN,venta,Casa,Narvarte Poniente,Benito Juárez,Ciudad de México,1200.0,520.0,Publicado hace 90 días,2026-05-01T18:48:06Z,2026-07-30T06:01:59.347996+00:00,https://www.inmuebles24.com/casas-en-venta-en-benito-juarez-ordenado-por-fechaonline-descendente.html-pagina-9.html
https://www.inmuebles24.com/propiedades/clasificado/veclcain-venta-casa-san-jose-insurgentes-benito-juarez-cdmx-149783591.html,9300000,"MN 9,300,000",MXN,venta,Casa,San José Insurgentes,Benito Juárez,Ciudad de México,248.0,175.0,Publicado hace 84 días,2026-05-08T00:25:04Z,2026-07-30T06:01:59.347996+00:00,https://www.inmuebles24.com/casas-en-venta-en-benito-juarez-ordenado-por-fechaonline-descendente.html-pagina-9.html
https://www.inmuebles24.com/propiedades/clasificado/veclcain-venta-de-casa-con-uso-de-suelo-comercial-en-mixcoac-149812370.html,10990000,"MN 10,990,000",MXN,venta,Casa,Mixcoac,Benito Juárez,Ciudad de México,264.0,125.0,Publicado hace 80 días,2026-05-11T17:56:11Z,2026-07-30T06:01:59.347996+00:00,https://www.inmuebles24.com/casas-en-venta-en-benito-juarez-ordenado-por-fechaonline-descendente.html-pagina-9.html
https://www.inmuebles24.com/propiedades/clasificado/veclcain-venta-de-casa-en-col.-narvarte-poniente-alcaldia-149812251.html,11499000,"MN 11,499,000",MXN,venta,Casa,Narvarte Poniente,Benito Juárez,Ciudad de México,360.0,204.0,Publicado hace 80 días,2026-05-11T17:51:20Z,2026-07-30T06:01:59.347996+00:00,https://www.inmuebles24.com/casas-en-venta-en-benito-juarez-ordenado-por-fechaonline-descendente.html-pagina-9.html
https://www.inmuebles24.com/propiedades/clasificado/veclcain-venta-de-casa-en-portales-benito-juarez-149665511.html,11000000,"MN 11,000,000",MXN,venta,Casa,Portales Norte,Benito Juárez,Ciudad de México,210.0,210.0,Publicado hace 91 días,2026-04-27T19:29:17Z,2026-07-30T06:01:59.347996+00:00,https://www.inmuebles24.com/casas-en-venta-en-benito-juarez-ordenado-por-fechaonline-descendente.html-pagina-9.html
https://www.inmuebles24.com/propiedades/clasificado/veclcain-casa-amplia-con-gran-potencial-terreno-138-m-sup2-149588351.html,7200000,"MN 7,200,000",MXN,venta,Casa,Postal,Benito Juárez,Ciudad de México,253.0,138.0,Publicado hace 101 días,2026-04-20T18:12:16Z,2026-07-30T06:03:07.612817+00:00,https://www.inmuebles24.com/casas-en-venta-en-benito-juarez-ordenado-por-fechaonline-descendente.html-pagina-10.html
https://www.inmuebles24.com/propiedades/clasificado/veclcain-casa-cerca-cerca-de-galerias-insurgentes-a-una-calle-149669514.html,8800000,"MN 8,800,000",MXN,venta,Casa,Actipan,Benito Juárez,Ciudad de México,219.0,99.0,Publicado hace 94 días,2026-04-27T21:09:30Z,2026-07-30T06:03:07.612817+00:00,https://www.inmuebles24.com/casas-en-venta-en-benito-juarez-ordenado-por-fechaonline-descendente.html-pagina-10.html
https://www.inmuebles24.com/propiedades/clasificado/veclcain-casa-del-valle-149559604.html,9800000,"MN 9,800,000",MXN,venta,Casa,,Benito Juárez,Ciudad de México,,,Publicado hace 105 días,2026-04-16T20:47:09Z,2026-07-30T06:03:07.612817+00:00,https://www.inmuebles24.com/casas-en-venta-en-benito-juarez-ordenado-por-fechaonline-descendente.html-pagina-10.html
https://www.inmuebles24.com/propiedades/clasificado/veclcain-casa-en-benito-juarez-149532516.html,15900000,"MN 15,900,000",MXN,venta,Casa,,Benito Juárez,Ciudad de México,,,Publicado hace 107 días,2026-04-14T16:59:41Z,2026-07-30T06:03:07.612817+00:00,https://www.inmuebles24.com/casas-en-venta-en-benito-juarez-ordenado-por-fechaonline-descendente.html-pagina-10.html
https://www.inmuebles24.com/propiedades/clasificado/veclcain-casa-en-benito-juarez-149532520.html,15800000,"MN 15,800,000",MXN,venta,Casa,,Benito Juárez,Ciudad de México,,,Publicado hace 107 días,2026-04-14T16:59:43Z,2026-07-30T06:03:07.612817+00:00,https://www.inmuebles24.com/casas-en-venta-en-benito-juarez-ordenado-por-fechaonline-descendente.html-pagina-10.html
https://www.inmuebles24.com/propiedades/clasificado/veclcain-casa-en-benito-juarez-149532525.html,15000000,"MN 15,000,000",MXN,venta,Casa,,Benito Juárez,Ciudad de México,,,Publicado hace 107 días,2026-04-14T16:59:44Z,2026-07-30T06:03:07.612817+00:00,https://www.inmuebles24.com/casas-en-venta-en-benito-juarez-ordenado-por-fechaonline-descendente.html-pagina-10.html
https://www.inmuebles24.com/propiedades/clasificado/veclcain-casa-en-condominio-149642217.html,9500000,"MN 9,500,000",MXN,venta,Casa,Vertiz Narvarte,Benito Juárez,Ciudad de México,260.0,81.0,Publicado hace 97 días,2026-04-24T17:42:51Z,2026-07-30T06:03:07.612817+00:00,https://www.inmuebles24.com/casas-en-venta-en-benito-juarez-ordenado-por-fechaonline-descendente.html-pagina-10.html
https://www.inmuebles24.com/propiedades/clasificado/veclcain-casa-en-del-valle-149663082.html,11699000,"MN 11,699,000",MXN,venta,Casa,,Benito Juárez,Ciudad de México,340.0,140.0,Publicado hace 94 días,2026-04-27T17:33Z,2026-07-30T06:03:07.612817+00:00,https://www.inmuebles24.com/casas-en-venta-en-benito-juarez-ordenado-por-fechaonline-descendente.html-pagina-10.html
https://www.inmuebles24.com/propiedades/clasificado/veclcain-casa-en-mixcoac-habitacional-y-oficinas-149621410.html,21000000,"MN 21,000,000",MXN,venta,Casa,Mixcoac,Benito Juárez,Ciudad de México,804.0,455.0,Publicado hace 99 días,2026-04-22T22:27:56Z,2026-07-30T06:03:07.612817+00:00,https://www.inmuebles24.com/casas-en-venta-en-benito-juarez-ordenado-por-fechaonline-descendente.html-pagina-10.html
https://www.inmuebles24.com/propiedades/clasificado/veclcain-casa-en-venta-colonia-letran-valle.-benito-juarez-149641974.html,11985000,"MN 11,985,000",MXN,venta,Casa,Letrán Valle,Benito Juárez,Ciudad de México,322.0,169.0,Publicado hace 97 días,2026-04-24T17:20:47Z,2026-07-30T06:03:07.612817+00:00,https://www.inmuebles24.com/casas-en-venta-en-benito-juarez-ordenado-por-fechaonline-descendente.html-pagina-10.html
https://www.inmuebles24.com/propiedades/clasificado/veclcain-casa-en-venta-colonia-moderna-benito-juarez-149527893.html,6000000,"MN 6,000,000",MXN,venta,Casa,Moderna,Benito Juárez,Ciudad de México,90.0,100.0,Publicado hace 107 días,2026-04-14T05:07:30Z,2026-07-30T06:04:05.568141+00:00,https://www.inmuebles24.com/casas-en-venta-en-benito-juarez-ordenado-por-fechaonline-descendente.html-pagina-10.html
https://www.inmuebles24.com/propiedades/clasificado/veclcain-casa-en-venta-en-americas-unidas-ideal-para-habitar-149549352.html,7300000,"MN 7,300,000",MXN,venta,Casa,Américas Unidas,Benito Juárez,Ciudad de México,190.0,242.0,Publicado hace 101 días,2026-04-15T23:52:56Z,2026-07-30T06:04:05.568141+00:00,https://www.inmuebles24.com/casas-en-venta-en-benito-juarez-ordenado-por-fechaonline-descendente.html-pagina-10.html
https://www.inmuebles24.com/propiedades/clasificado/veclcain-casa-en-venta-en-calle-horacio-nelson-en-colonia-149595327.html,9850000,"MN 9,850,000",MXN,venta,Casa,Moderna,Benito Juárez,Ciudad de México,220.0,190.0,Publicado hace 101 días,2026-04-21T03:11:45Z,2026-07-30T06:04:05.568141+00:00,https://www.inmuebles24.com/casas-en-venta-en-benito-juarez-ordenado-por-fechaonline-descendente.html-pagina-10.html
https://www.inmuebles24.com/propiedades/clasificado/veclcain-casa-en-venta-en-colonia-xoco-del.-benito-juarez-149623018.html,21000000,"MN 21,000,000",MXN,venta,Casa,Xoco,Benito Juárez,Ciudad de México,452.0,245.0,Publicado hace 99 días,2026-04-23T01:21:12Z,2026-07-30T06:04:05.568141+00:00,https://www.inmuebles24.com/casas-en-venta-en-benito-juarez-ordenado-por-fechaonline-descendente.html-pagina-10.html
https://www.inmuebles24.com/propiedades/clasificado/veclcain-casa-en-venta-en-del-valle-centro-149633600.html,13000000,"MN 13,000,000",MXN,venta,Casa,Del Valle Centro,Benito Juárez,Ciudad de México,218.0,131.0,Publicado hace 98 días,2026-04-23T19:45:51Z,2026-07-30T06:04:05.568141+00:00,https://www.inmuebles24.com/casas-en-venta-en-benito-juarez-ordenado-por-fechaonline-descendente.html-pagina-10.html
https://www.inmuebles24.com/propiedades/clasificado/veclcain-casa-en-venta-en-gral.-pedro-ma.-anaya-benito-juarez-149569600.html,15000000,"MN 15,000,000",MXN,venta,Casa,General Pedro María Anaya,Benito Juárez,Ciudad de México,285.0,450.0,Publicado hace 104 días,2026-04-17T18:01:58Z,2026-07-30T06:04:05.568141+00:00,https://www.inmuebles24.com/casas-en-venta-en-benito-juarez-ordenado-por-fechaonline-descendente.html-pagina-10.html
https://www.inmuebles24.com/propiedades/clasificado/veclcain-casa-en-venta-narvarte-tajin-149527853.html,14750000,"MN 14,750,000",MXN,venta,Casa,Narvarte Poniente,Benito Juárez,Ciudad de México,387.0,329.0,Publicado hace 107 días,2026-04-14T04:59:06Z,2026-07-30T06:04:05.568141+00:00,https://www.inmuebles24.com/casas-en-venta-en-benito-juarez-ordenado-por-fechaonline-descendente.html-pagina-10.html
https://www.inmuebles24.com/propiedades/clasificado/veclcain-casa-en-venta-san-jose-insurgentes-benito-juerez-149611508.html,39000000,"MN 39,000,000",MXN,venta,Casa,San José Insurgentes,Benito Juárez,Ciudad de México,771.0,661.0,Publicado hace 100 días,2026-04-22T02:26:07Z,2026-07-30T06:04:05.568141+00:00,https://www.inmuebles24.com/casas-en-venta-en-benito-juarez-ordenado-por-fechaonline-descendente.html-pagina-10.html
https://www.inmuebles24.com/propiedades/clasificado/veclcain-casa-en-venta-san-juan-benito-juarez-rubens-149560644.html,12980000,"MN 12,980,000",MXN,venta,Casa,San Juan,Benito Juárez,Ciudad de México,360.0,276.0,Publicado hace 105 días,2026-04-16T21:55:12Z,2026-07-30T06:04:05.568141+00:00,https://www.inmuebles24.com/casas-en-venta-en-benito-juarez-ordenado-por-fechaonline-descendente.html-pagina-10.html
https://www.inmuebles24.com/propiedades/clasificado/veclcain-casa-en-venta-tlacoquemecatl-benito-juarez-149618394.html,16800000,"MN 16,800,000",MXN,venta,Casa,Tlacoquemecatl,Benito Juárez,Ciudad de México,380.0,310.0,Publicado hace 99 días,2026-04-22T18:25:02Z,2026-07-30T06:04:05.568141+00:00,https://www.inmuebles24.com/casas-en-venta-en-benito-juarez-ordenado-por-fechaonline-descendente.html-pagina-10.html
https://www.inmuebles24.com/propiedades/clasificado/veclcain-casa-en-xoco-benito-juarez-149622610.html,13600000,"MN 13,600,000",MXN,venta,Casa,Xoco,Benito Juárez,Ciudad de México,252.0,108.0,Publicado hace 99 días,2026-04-23T00:24:16Z,2026-07-30T06:05:05.166450+00:00,https://www.inmuebles24.com/casas-en-venta-en-benito-juarez-ordenado-por-fechaonline-descendente.html-pagina-10.html
https://www.inmuebles24.com/propiedades/clasificado/veclcain-casa-narvarte-149532277.html,12000000,"MN 12,000,000",MXN,venta,Casa,,Benito Juárez,Ciudad de México,548.0,183.0,Publicado hace 107 días,2026-04-14T16:59:20Z,2026-07-30T06:05:05.166450+00:00,https://www.inmuebles24.com/casas-en-venta-en-benito-juarez-ordenado-por-fechaonline-descendente.html-pagina-10.html
https://www.inmuebles24.com/propiedades/clasificado/veclcain-excelente-oportunidad-de-inversion-149524778.html,24000000,"MN 24,000,000",MXN,venta,Casa,San José Insurgentes,Benito Juárez,Ciudad de México,342.0,385.0,Publicado hace 106 días,2026-04-13T22:28:04Z,2026-07-30T06:05:05.166450+00:00,https://www.inmuebles24.com/casas-en-venta-en-benito-juarez-ordenado-por-fechaonline-descendente.html-pagina-10.html
https://www.inmuebles24.com/propiedades/clasificado/veclcain-exclusivo-townhouse-en-condominio-san-pedro-de-los-149663058.html,9000000,"MN 9,000,000",MXN,venta,Casa,San Pedro de los Pinos,Benito Juárez,Ciudad de México,184.0,52.0,Publicado hace 94 días,2026-04-27T17:31:11Z,2026-07-30T06:05:05.166450+00:00,https://www.inmuebles24.com/casas-en-venta-en-benito-juarez-ordenado-por-fechaonline-descendente.html-pagina-10.html
https://www.inmuebles24.com/propiedades/clasificado/veclcain-oficina-en-venta-149702865.html,18000000,"MN 18,000,000",MXN,venta,Casa,Del Valle Centro,Benito Juárez,Ciudad de México,238.0,263.0,Publicado hace 92 días,2026-04-29T22:51:25Z,2026-07-30T06:05:05.166450+00:00,https://www.inmuebles24.com/casas-en-venta-en-benito-juarez-ordenado-por-fechaonline-descendente.html-pagina-10.html
https://www.inmuebles24.com/propiedades/clasificado/veclcain-oportunidad-en-benito-juarez:casa-p-remodelar-c-4-est-149686828.html,6890000,"MN 6,890,000",MXN,venta,Casa,Américas Unidas,Benito Juárez,Ciudad de México,318.0,223.0,Publicado hace 93 días,2026-04-28T18:47:09Z,2026-07-30T06:05:05.166450+00:00,https://www.inmuebles24.com/casas-en-venta-en-benito-juarez-ordenado-por-fechaonline-descendente.html-pagina-10.html
https://www.inmuebles24.com/propiedades/clasificado/veclcain-san-pedro-de-los-pinos-casa-en-venta-149621937.html,16340000,"MN 16,340,000",MXN,venta,Casa,San Pedro de los Pinos,Benito Juárez,Ciudad de México,216.0,460.0,Publicado hace 99 días,2026-04-22T23:28:01Z,2026-07-30T06:05:05.166450+00:00,https://www.inmuebles24.com/casas-en-venta-en-benito-juarez-ordenado-por-fechaonline-descendente.html-pagina-10.html
https://www.inmuebles24.com/propiedades/clasificado/veclcain-venta-casa-narvarte-benito-juarez-con-roofgarden-149630213.html,11700000,"MN 11,700,000",MXN,venta,Casa,,Benito Juárez,Ciudad de México,300.0,132.0,Publicado hace 98 días,2026-04-23T16:28:53Z,2026-07-30T06:05:05.166450+00:00,https://www.inmuebles24.com/casas-en-venta-en-benito-juarez-ordenado-por-fechaonline-descendente.html-pagina-10.html
https://www.inmuebles24.com/propiedades/clasificado/veclcain-venta-de-casa-narvarte-oriente-149701800.html,22000000,"MN 22,000,000",MXN,venta,Casa,Narvarte Oriente,Benito Juárez,Ciudad de México,533.0,312.0,Publicado hace 92 días,2026-04-29T21:19:04Z,2026-07-30T06:05:05.166450+00:00,https://www.inmuebles24.com/casas-en-venta-en-benito-juarez-ordenado-por-fechaonline-descendente.html-pagina-10.html
https://www.inmuebles24.com/propiedades/clasificado/veclcapa-se-vende-casa-sola-360-m-7-recamaras-san-borja-del-149642506.html,11990000,"MN 11,990,000",MXN,venta,Casa,Del Valle Centro,Benito Juárez,Ciudad de México,360.0,360.0,Publicado hace 97 días,2026-04-24T18:08:31Z,2026-07-30T06:05:05.166450+00:00,https://www.inmuebles24.com/casas-en-venta-en-benito-juarez-ordenado-por-fechaonline-descendente.html-pagina-10.html
https://www.inmuebles24.com/propiedades/clasificado/veclcain-casa-237-m-sup2--en-col.-del-valle-benito-juarez-149398856.html,10800000,"MN 10,800,000",MXN,venta,Casa,,Benito Juárez,Ciudad de México,273.0,148.0,Publicado hace 124 días,2026-03-29T03:38:14Z,2026-07-30T06:06:10.696858+00:00,https://www.inmuebles24.com/casas-en-venta-en-benito-juarez-ordenado-por-fechaonline-descendente.html-pagina-11.html
https://www.inmuebles24.com/propiedades/clasificado/veclcain-casa-472-m-sup2--en-col.-del-valle-benito-juarez-149398413.html,23900000,"MN 23,900,000",MXN,venta,Casa,,Benito Juárez,Ciudad de México,472.0,463.0,Publicado hace 124 días,2026-03-29T01:59:26Z,2026-07-30T06:06:10.696858+00:00,https://www.inmuebles24.com/casas-en-venta-en-benito-juarez-ordenado-por-fechaonline-descendente.html-pagina-11.html
https://www.inmuebles24.com/propiedades/clasificado/veclcain-casa-en-benito-juarez-149532507.html,13900000,"MN 13,900,000",MXN,venta,Casa,,Benito Juárez,Ciudad de México,,,Publicado hace 107 días,2026-04-14T16:59:40Z,2026-07-30T06:06:10.696858+00:00,https://www.inmuebles24.com/casas-en-venta-en-benito-juarez-ordenado-por-fechaonline-descendente.html-pagina-11.html
https://www.inmuebles24.com/propiedades/clasificado/veclcain-casa-en-benito-juarez-149532508.html,15000000,"MN 15,000,000",MXN,venta,Casa,,Benito Juárez,Ciudad de México,,,Publicado hace 107 días,2026-04-14T16:59:41Z,2026-07-30T06:06:10.696858+00:00,https://www.inmuebles24.com/casas-en-venta-en-benito-juarez-ordenado-por-fechaonline-descendente.html-pagina-11.html
https://www.inmuebles24.com/propiedades/clasificado/veclcain-casa-en-benito-juarez-149532510.html,14500000,"MN 14,500,000",MXN,venta,Casa,,Benito Juárez,Ciudad de México,,,Publicado hace 107 días,2026-04-14T16:59:41Z,2026-07-30T06:06:10.696858+00:00,https://www.inmuebles24.com/casas-en-venta-en-benito-juarez-ordenado-por-fechaonline-descendente.html-pagina-11.html
https://www.inmuebles24.com/propiedades/clasificado/veclcain-casa-en-benito-juarez-149532511.html,11700000,"MN 11,700,000",MXN,venta,Casa,,Benito Juárez,Ciudad de México,,,Publicado hace 107 días,2026-04-14T16:59:41Z,2026-07-30T06:06:10.696858+00:00,https://www.inmuebles24.com/casas-en-venta-en-benito-juarez-ordenado-por-fechaonline-descendente.html-pagina-11.html
https://www.inmuebles24.com/propiedades/clasificado/veclcain-casa-en-benito-juarez-149532513.html,15700000,"MN 15,700,000",MXN,venta,Casa,,Benito Juárez,Ciudad de México,,,Publicado hace 107 días,2026-04-14T16:59:41Z,2026-07-30T06:06:10.696858+00:00,https://www.inmuebles24.com/casas-en-venta-en-benito-juarez-ordenado-por-fechaonline-descendente.html-pagina-11.html
https://www.inmuebles24.com/propiedades/clasificado/veclcain-casa-en-benito-juarez-149532514.html,11500000,"MN 11,500,000",MXN,venta,Casa,,Benito Juárez,Ciudad de México,,,Publicado hace 107 días,2026-04-14T16:59:41Z,2026-07-30T06:06:10.696858+00:00,https://www.inmuebles24.com/casas-en-venta-en-benito-juarez-ordenado-por-fechaonline-descendente.html-pagina-11.html
https://www.inmuebles24.com/propiedades/clasificado/veclcain-casa-en-benito-juarez-149532540.html,17000000,"MN 17,000,000",MXN,venta,Casa,,Benito Juárez,Ciudad de México,,,Publicado hace 107 días,2026-04-14T16:59:46Z,2026-07-30T06:06:10.696858+00:00,https://www.inmuebles24.com/casas-en-venta-en-benito-juarez-ordenado-por-fechaonline-descendente.html-pagina-11.html
https://www.inmuebles24.com/propiedades/clasificado/veclcain-casa-en-benito-juarez-149532798.html,16790000,"MN 16,790,000",MXN,venta,Casa,,Benito Juárez,Ciudad de México,,,Publicado hace 107 días,2026-04-14T17:00:44Z,2026-07-30T06:06:10.696858+00:00,https://www.inmuebles24.com/casas-en-venta-en-benito-juarez-ordenado-por-fechaonline-descendente.html-pagina-11.html
https://www.inmuebles24.com/propiedades/clasificado/veclcain-casa-en-esquina-con-280-m-sup2--superficie-de-terreno-149407528.html,15800000,"MN 15,800,000",MXN,venta,Casa,Extremadura Insurgentes,Benito Juárez,Ciudad de México,507.0,280.0,Publicado hace 122 días,2026-03-31T00:37:56Z,2026-07-30T06:07:08.336942+00:00,https://www.inmuebles24.com/casas-en-venta-en-benito-juarez-ordenado-por-fechaonline-descendente.html-pagina-11.html
https://www.inmuebles24.com/propiedades/clasificado/veclcain-casa-en-narvarte-poniente-para-remodelar-a-2-cuadras-149443287.html,9900000,"MN 9,900,000",MXN,venta,Casa,Narvarte Poniente,Benito Juárez,Ciudad de México,320.0,209.0,Publicado hace 119 días,2026-04-02T22:02:48Z,2026-07-30T06:07:08.336942+00:00,https://www.inmuebles24.com/casas-en-venta-en-benito-juarez-ordenado-por-fechaonline-descendente.html-pagina-11.html
https://www.inmuebles24.com/propiedades/clasificado/veclcain-casa-en-venta-cerca-de-division-del-norte-5-149406926.html,13327000,"MN 13,327,000",MXN,venta,Casa,Vertiz Narvarte,Benito Juárez,Ciudad de México,240.0,172.0,Publicado hace 122 días,2026-03-30T19:50:03Z,2026-07-30T06:07:08.336942+00:00,https://www.inmuebles24.com/casas-en-venta-en-benito-juarez-ordenado-por-fechaonline-descendente.html-pagina-11.html
https://www.inmuebles24.com/propiedades/clasificado/veclcain-casa-en-venta-excelente-ubicacion-col.-noche-buena-149446782.html,16860000,"MN 16,860,000",MXN,venta,Casa,Nochebuena,Benito Juárez,Ciudad de México,350.0,160.0,Publicado hace 118 días,2026-04-03T21:25:56Z,2026-07-30T06:07:08.336942+00:00,https://www.inmuebles24.com/casas-en-venta-en-benito-juarez-ordenado-por-fechaonline-descendente.html-pagina-11.html
https://www.inmuebles24.com/propiedades/clasificado/veclcain-casa-en-venta-para-remodelar-en-narvarte-poniente-149443288.html,9900000,"MN 9,900,000",MXN,venta,Casa,Narvarte Poniente,Benito Juárez,Ciudad de México,320.0,209.0,Publicado hace 119 días,2026-04-03T02:02:56Z,2026-07-30T06:07:08.336942+00:00,https://www.inmuebles24.com/casas-en-venta-en-benito-juarez-ordenado-por-fechaonline-descendente.html-pagina-11.html
https://www.inmuebles24.com/propiedades/clasificado/veclcain-casa-en-vertiz-narvarte-149472917.html,10500000,"MN 10,500,000",MXN,venta,Casa,Vertiz Narvarte,Benito Juárez,Ciudad de México,383.0,222.0,Publicado hace 114 días,2026-04-07T20:28:14Z,2026-07-30T06:07:08.336942+00:00,https://www.inmuebles24.com/casas-en-venta-en-benito-juarez-ordenado-por-fechaonline-descendente.html-pagina-11.html
https://www.inmuebles24.com/propiedades/clasificado/veclcain-casa-exterior-en-venta-sobre-la-bella-calle-de-149497674.html,13700000,"MN 13,700,000",MXN,venta,Casa,Del Valle Centro,Benito Juárez,Ciudad de México,203.0,303.0,Publicado hace 112 días,2026-04-10T03:37:03Z,2026-07-30T06:07:08.336942+00:00,https://www.inmuebles24.com/casas-en-venta-en-benito-juarez-ordenado-por-fechaonline-descendente.html-pagina-11.html
https://www.inmuebles24.com/propiedades/clasificado/veclcain-casa-naravarte-oriente-casas-grandes-76-149516771.html,10800000,"MN 10,800,000",MXN,venta,Casa,Narvarte Oriente,Benito Juárez,Ciudad de México,191.0,230.0,Publicado hace 109 días,2026-04-12T23:46:09Z,2026-07-30T06:07:08.336942+00:00,https://www.inmuebles24.com/casas-en-venta-en-benito-juarez-ordenado-por-fechaonline-descendente.html-pagina-11.html
https://www.inmuebles24.com/propiedades/clasificado/veclcain-casa-nueva-colonia-san-jose-insurgentes.-estrene!-149454376.html,18900000,"MN 18,900,000",MXN,venta,Casa,San José Insurgentes,Benito Juárez,Ciudad de México,268.0,138.0,Publicado hace 113 días,2026-04-06T08:15:05Z,2026-07-30T06:07:08.336942+00:00,https://www.inmuebles24.com/casas-en-venta-en-benito-juarez-ordenado-por-fechaonline-descendente.html-pagina-11.html
https://www.inmuebles24.com/propiedades/clasificado/veclcain-casa-para-remodelar-en-la-colonia-del-valle-sur-149383805.html,12900000,"MN 12,900,000",MXN,venta,Casa,Del Valle Sur,Benito Juárez,Ciudad de México,380.0,243.0,Publicado hace 125 días,2026-03-27T15:19:40Z,2026-07-30T06:07:08.336942+00:00,https://www.inmuebles24.com/casas-en-venta-en-benito-juarez-ordenado-por-fechaonline-descendente.html-pagina-11.html
https://www.inmuebles24.com/propiedades/clasificado/veclcain-casa-santa-cruz-atoyac-149532281.html,15990000,"MN 15,990,000",MXN,venta,Casa,Santa Cruz Atoyac,Benito Juárez,Ciudad de México,258.0,200.0,Publicado hace 107 días,2026-04-14T16:59:20Z,2026-07-30T06:08:16.910418+00:00,https://www.inmuebles24.com/casas-en-venta-en-benito-juarez-ordenado-por-fechaonline-descendente.html-pagina-11.html
https://www.inmuebles24.com/propiedades/clasificado/veclcain-casa-venta-del-valle-sur-atencion-inversionistas!-149445597.html,25000000,"MN 25,000,000",MXN,venta,Casa,Del Valle Sur,Benito Juárez,Ciudad de México,661.0,468.0,Publicado hace 118 días,2026-04-03T07:01:14Z,2026-07-30T06:08:16.910418+00:00,https://www.inmuebles24.com/casas-en-venta-en-benito-juarez-ordenado-por-fechaonline-descendente.html-pagina-11.html
https://www.inmuebles24.com/propiedades/clasificado/veclcain-casa-venta-en-col.-extremadura-insurgentes-benito-149502114.html,10600000,"MN 10,600,000",MXN,venta,Casa,Extremadura Insurgentes,Benito Juárez,Ciudad de México,274.0,94.0,Publicado hace 111 días,2026-04-10T15:38:34Z,2026-07-30T06:08:16.910418+00:00,https://www.inmuebles24.com/casas-en-venta-en-benito-juarez-ordenado-por-fechaonline-descendente.html-pagina-11.html
https://www.inmuebles24.com/propiedades/clasificado/veclcain-desarrolladores-casa-en-la-colonia-actipan-a-una-149459520.html,24990000,"MN 24,990,000",MXN,venta,Casa,Actipan,Benito Juárez,Ciudad de México,639.0,427.0,Publicado hace 115 días,2026-04-06T21:55:20Z,2026-07-30T06:08:16.910418+00:00,https://www.inmuebles24.com/casas-en-venta-en-benito-juarez-ordenado-por-fechaonline-descendente.html-pagina-11.html
https://www.inmuebles24.com/propiedades/clasificado/veclcain-la-mejor-casa-en-narvarte-oriente-590-m-sup2--6rec-149412458.html,27499000,"MN 27,499,000",MXN,venta,Casa,Narvarte Oriente,Benito Juárez,Ciudad de México,590.0,500.0,Publicado hace 121 días,2026-03-31T03:58:53Z,2026-07-30T06:08:16.910418+00:00,https://www.inmuebles24.com/casas-en-venta-en-benito-juarez-ordenado-por-fechaonline-descendente.html-pagina-11.html
https://www.inmuebles24.com/propiedades/clasificado/veclcain-se-vende-casa-clasica-de-la-colonia-del-valle-149420426.html,18000000,"MN 18,000,000",MXN,venta,Casa,Del Valle Sur,Benito Juárez,Ciudad de México,456.0,711.0,Publicado hace 121 días,2026-04-01T01:03:42Z,2026-07-30T06:08:16.910418+00:00,https://www.inmuebles24.com/casas-en-venta-en-benito-juarez-ordenado-por-fechaonline-descendente.html-pagina-11.html
https://www.inmuebles24.com/propiedades/clasificado/veclcain-venta-casa-361-m-sup2--en-col.-del-valle-norte-benito-149532298.html,15000000,"MN 15,000,000",MXN,venta,Casa,Del Valle Norte,Benito Juárez,Ciudad de México,361.0,171.0,Publicado hace 107 días,2026-04-14T16:59:21Z,2026-07-30T06:08:16.910418+00:00,https://www.inmuebles24.com/casas-en-venta-en-benito-juarez-ordenado-por-fechaonline-descendente.html-pagina-11.html
https://www.inmuebles24.com/propiedades/clasificado/veclcain-venta-casa-en-portales-sur-benito-juarez-149482425.html,7785000,"MN 7,785,000",MXN,venta,Casa,Portales Sur,Benito Juárez,Ciudad de México,180.0,100.0,Publicado hace 113 días,2026-04-08T19:23:13Z,2026-07-30T06:08:16.910418+00:00,https://www.inmuebles24.com/casas-en-venta-en-benito-juarez-ordenado-por-fechaonline-descendente.html-pagina-11.html
https://www.inmuebles24.com/propiedades/clasificado/veclcain-570-m-sup2-t-vendo-2-frentes-a-1-cuadra-insurgentes-149176775.html,25900000,"MN 25,900,000",MXN,venta,Casa,Actipan,Benito Juárez,Ciudad de México,422.0,570.0,Publicado hace 142 días,2026-03-06T11:49:24Z,2026-07-30T06:08:16.910418+00:00,https://www.inmuebles24.com/casas-en-venta-en-benito-juarez-ordenado-por-fechaonline-descendente.html-pagina-12.html
https://www.inmuebles24.com/propiedades/clasificado/veclcain-casa-con-141-m-sup2--de-terreno-y-3-recamaras-en-venta-149199889.html,12400000,"MN 12,400,000",MXN,venta,Casa,Nápoles,Benito Juárez,Ciudad de México,191.0,141.0,Publicado hace 143 días,2026-03-09T17:51Z,2026-07-30T06:08:16.910418+00:00,https://www.inmuebles24.com/casas-en-venta-en-benito-juarez-ordenado-por-fechaonline-descendente.html-pagina-12.html
https://www.inmuebles24.com/propiedades/clasificado/veclcain-casa-con-uso-de-suelo-comercial-237-m-sup2--en-col.-149291474.html,10800000,"MN 10,800,000",MXN,venta,Casa,,Benito Juárez,Ciudad de México,237.0,130.0,Publicado hace 134 días,2026-03-18T16:09:49Z,2026-07-30T06:09:15.612666+00:00,https://www.inmuebles24.com/casas-en-venta-en-benito-juarez-ordenado-por-fechaonline-descendente.html-pagina-12.html
https://www.inmuebles24.com/propiedades/clasificado/veclcain-casa-con-uso-de-suelo-comercial-237-m-sup2--en-col.-149291868.html,10800000,"MN 10,800,000",MXN,venta,Casa,Narvarte Poniente,Benito Juárez,Ciudad de México,237.0,130.0,Publicado hace 134 días,2026-03-18T16:41:17Z,2026-07-30T06:09:15.612666+00:00,https://www.inmuebles24.com/casas-en-venta-en-benito-juarez-ordenado-por-fechaonline-descendente.html-pagina-12.html
https://www.inmuebles24.com/propiedades/clasificado/veclcain-casa-con-uso-de-suelo-comercial-237-m-sup2--en-col.-149291915.html,10800000,"MN 10,800,000",MXN,venta,Casa,Narvarte Oriente,Benito Juárez,Ciudad de México,237.0,130.0,Publicado hace 134 días,2026-03-18T16:45:52Z,2026-07-30T06:09:15.612666+00:00,https://www.inmuebles24.com/casas-en-venta-en-benito-juarez-ordenado-por-fechaonline-descendente.html-pagina-12.html
https://www.inmuebles24.com/propiedades/clasificado/veclcain-casa-con-uso-de-suelo-comercial-237-m-sup2--en-col.-149291958.html,10800000,"MN 10,800,000",MXN,venta,Casa,Piedad Narvarte,Benito Juárez,Ciudad de México,237.0,130.0,Publicado hace 134 días,2026-03-18T16:48:57Z,2026-07-30T06:09:15.612666+00:00,https://www.inmuebles24.com/casas-en-venta-en-benito-juarez-ordenado-por-fechaonline-descendente.html-pagina-12.html
https://www.inmuebles24.com/propiedades/clasificado/veclcain-casa-en-condominio-180-m-sup2--en-col.-del-valle-149338851.html,13000000,"MN 13,000,000",MXN,venta,Casa,Del Valle Norte,Benito Juárez,Ciudad de México,180.0,110.0,Publicado hace 129 días,2026-03-23T19:46:57Z,2026-07-30T06:09:15.612666+00:00,https://www.inmuebles24.com/casas-en-venta-en-benito-juarez-ordenado-por-fechaonline-descendente.html-pagina-12.html
https://www.inmuebles24.com/propiedades/clasificado/veclcain-casa-en-condominio-228-m-sup2--en-col.-narvarte-149340578.html,9750000,"MN 9,750,000",MXN,venta,Casa,Narvarte Poniente,Benito Juárez,Ciudad de México,228.0,228.0,Publicado hace 129 días,2026-03-23T21:59:16Z,2026-07-30T06:09:15.612666+00:00,https://www.inmuebles24.com/casas-en-venta-en-benito-juarez-ordenado-por-fechaonline-descendente.html-pagina-12.html
https://www.inmuebles24.com/propiedades/clasificado/veclcain-casa-en-del-valle-norte-149253744.html,11350000,"MN 11,350,000",MXN,venta,Casa,Del Valle Norte,Benito Juárez,Ciudad de México,315.0,225.0,Publicado hace 139 días,2026-03-13T05:31:25Z,2026-07-30T06:09:15.612666+00:00,https://www.inmuebles24.com/casas-en-venta-en-benito-juarez-ordenado-por-fechaonline-descendente.html-pagina-12.html
https://www.inmuebles24.com/propiedades/clasificado/veclcain-casa-en-division-del-norte-149365451.html,26000000,"MN 26,000,000",MXN,venta,Casa,Del Valle Centro,Benito Juárez,Ciudad de México,602.0,319.0,Publicado hace 127 días,2026-03-26T00:38:26Z,2026-07-30T06:09:15.612666+00:00,https://www.inmuebles24.com/casas-en-venta-en-benito-juarez-ordenado-por-fechaonline-descendente.html-pagina-12.html
https://www.inmuebles24.com/propiedades/clasificado/veclcain-casa-en-venta-col-alamos-benito-juarez-149365272.html,6750000,"MN 6,750,000",MXN,venta,Casa,Álamos,Benito Juárez,Ciudad de México,178.0,178.0,Publicado hace 127 días,2026-03-26T00:17:32Z,2026-07-30T06:09:15.612666+00:00,https://www.inmuebles24.com/casas-en-venta-en-benito-juarez-ordenado-por-fechaonline-descendente.html-pagina-12.html
https://www.inmuebles24.com/propiedades/clasificado/veclcain-casa-en-venta-en-benito-juarez-4-149289262.html,21500000,"MN 21,500,000",MXN,venta,Casa,Acacias,Benito Juárez,Ciudad de México,1053.0,501.0,Publicado hace 135 días,2026-03-18T03:11:43Z,2026-07-30T06:09:15.612666+00:00,https://www.inmuebles24.com/casas-en-venta-en-benito-juarez-ordenado-por-fechaonline-descendente.html-pagina-12.html
https://www.inmuebles24.com/propiedades/clasificado/veclcain-casa-en-venta-en-col.-del-valle-centro-149366961.html,14165000,"MN 14,165,000",MXN,venta,Casa,Del Valle Centro,Benito Juárez,Ciudad de México,305.0,280.0,Publicado hace 126 días,2026-03-26T04:55:39Z,2026-07-30T06:10:12.717420+00:00,https://www.inmuebles24.com/casas-en-venta-en-benito-juarez-ordenado-por-fechaonline-descendente.html-pagina-12.html
https://www.inmuebles24.com/propiedades/clasificado/veclcain-casa-en-venta-en-del-valle-centro-cdmx-149309540.html,9780000,"MN 9,780,000",MXN,venta,Casa,Del Valle Centro,Benito Juárez,Ciudad de México,192.0,87.0,Publicado hace 133 días,2026-03-19T22:36:32Z,2026-07-30T06:10:12.717420+00:00,https://www.inmuebles24.com/casas-en-venta-en-benito-juarez-ordenado-por-fechaonline-descendente.html-pagina-12.html
https://www.inmuebles24.com/propiedades/clasificado/veclcain-casa-en-venta-en-la-colonia-narvarte-oportunidad-149373946.html,6890000,"MN 6,890,000",MXN,venta,Casa,Vertiz Narvarte,Benito Juárez,Ciudad de México,134.0,140.0,Publicado hace 126 días,2026-03-26T20:58:09Z,2026-07-30T06:10:12.717420+00:00,https://www.inmuebles24.com/casas-en-venta-en-benito-juarez-ordenado-por-fechaonline-descendente.html-pagina-12.html
https://www.inmuebles24.com/propiedades/clasificado/veclcain-casa-en-venta-en-letran-valle-149236186.html,12990000,"MN 12,990,000",MXN,venta,Casa,Letrán Valle,Benito Juárez,Ciudad de México,270.0,134.0,Publicado hace 141 días,2026-03-11T19:25:14Z,2026-07-30T06:10:12.717420+00:00,https://www.inmuebles24.com/casas-en-venta-en-benito-juarez-ordenado-por-fechaonline-descendente.html-pagina-12.html
https://www.inmuebles24.com/propiedades/clasificado/veclcain-casa-en-venta-en-lopez-cotilla-149373816.html,11000000,"MN 11,000,000",MXN,venta,Casa,Del Valle Centro,Benito Juárez,Ciudad de México,245.0,281.0,Publicado hace 126 días,2026-03-26T20:47:20Z,2026-07-30T06:10:12.717420+00:00,https://www.inmuebles24.com/casas-en-venta-en-benito-juarez-ordenado-por-fechaonline-descendente.html-pagina-12.html
https://www.inmuebles24.com/propiedades/clasificado/veclcain-casa-en-venta-en-mixcoac-149297197.html,14200000,"MN 14,200,000",MXN,venta,Casa,Mixcoac,Benito Juárez,Ciudad de México,387.0,215.0,Publicado hace 134 días,2026-03-18T21:21:11Z,2026-07-30T06:10:12.717420+00:00,https://www.inmuebles24.com/casas-en-venta-en-benito-juarez-ordenado-por-fechaonline-descendente.html-pagina-12.html
https://www.inmuebles24.com/propiedades/clasificado/veclcain-casa-en-venta-en-narvarte-poniente-invierte-y-149292036.html,9950000,"MN 9,950,000",MXN,venta,Casa,Narvarte Poniente,Benito Juárez,Ciudad de México,324.0,213.0,Publicado hace 134 días,2026-03-18T16:54:29Z,2026-07-30T06:10:12.717420+00:00,https://www.inmuebles24.com/casas-en-venta-en-benito-juarez-ordenado-por-fechaonline-descendente.html-pagina-12.html
https://www.inmuebles24.com/propiedades/clasificado/veclcain-casa-en-venta-en-palenque-27-piedad-narvarte-benito-149310063.html,12250000,"MN 12,250,000",MXN,venta,Casa,Piedad Narvarte,Benito Juárez,Ciudad de México,330.0,250.0,Publicado hace 133 días,2026-03-19T23:22:42Z,2026-07-30T06:10:12.717420+00:00,https://www.inmuebles24.com/casas-en-venta-en-benito-juarez-ordenado-por-fechaonline-descendente.html-pagina-12.html
https://www.inmuebles24.com/propiedades/clasificado/veclcain-casa-en-venta-en-portales-149243890.html,7950000,"MN 7,950,000",MXN,venta,Casa,Portales Sur,Benito Juárez,Ciudad de México,57.0,57.0,Publicado hace 140 días,2026-03-12T15:01:06Z,2026-07-30T06:10:12.717420+00:00,https://www.inmuebles24.com/casas-en-venta-en-benito-juarez-ordenado-por-fechaonline-descendente.html-pagina-12.html
https://www.inmuebles24.com/propiedades/clasificado/veclcain-casa-en-venta-san-jose-insurgentes-ciudad-de-mexico-149338544.html,13500000,"MN 13,500,000",MXN,venta,Casa,San José Insurgentes,Benito Juárez,Ciudad de México,343.0,240.0,Publicado hace 129 días,2026-03-23T19:22:18Z,2026-07-30T06:10:12.717420+00:00,https://www.inmuebles24.com/casas-en-venta-en-benito-juarez-ordenado-por-fechaonline-descendente.html-pagina-12.html
https://www.inmuebles24.com/propiedades/clasificado/veclcain-casa-estilo-barroco-en-tajin-narvarte-149256793.html,17700000,"MN 17,700,000",MXN,venta,Casa,Narvarte Oriente,Benito Juárez,Ciudad de México,493.0,331.0,Publicado hace 139 días,2026-03-13T18:46:07Z,2026-07-30T06:11:22.396049+00:00,https://www.inmuebles24.com/casas-en-venta-en-benito-juarez-ordenado-por-fechaonline-descendente.html-pagina-12.html
https://www.inmuebles24.com/propiedades/clasificado/veclcain-casa-para-remodelar-en-venta-en-la-col.-ciudad-de-los-149343167.html,16300000,"MN 16,300,000",MXN,venta,Casa,Ciudad de los Deportes,Benito Juárez,Ciudad de México,343.0,299.0,Publicado hace 129 días,2026-03-24T02:34:27Z,2026-07-30T06:11:22.396049+00:00,https://www.inmuebles24.com/casas-en-venta-en-benito-juarez-ordenado-por-fechaonline-descendente.html-pagina-12.html
https://www.inmuebles24.com/propiedades/clasificado/veclcain-casa-sola-venta-en-col.-del-valle-267-m-sup2--con-149311072.html,10995000,"MN 10,995,000",MXN,venta,Casa,Del Valle Centro,Benito Juárez,Ciudad de México,267.0,120.0,Publicado hace 133 días,2026-03-20T00:40:43Z,2026-07-30T06:11:22.396049+00:00,https://www.inmuebles24.com/casas-en-venta-en-benito-juarez-ordenado-por-fechaonline-descendente.html-pagina-12.html
https://www.inmuebles24.com/propiedades/clasificado/veclcain-casa-verde-en-venta-benito-juarez-pocas-propiedades-149380135.html,12950000,"MN 12,950,000",MXN,venta,Casa,Narvarte Poniente,Benito Juárez,Ciudad de México,304.0,192.0,Publicado hace 126 días,2026-03-26T23:13:25Z,2026-07-30T06:11:22.396049+00:00,https://www.inmuebles24.com/casas-en-venta-en-benito-juarez-ordenado-por-fechaonline-descendente.html-pagina-12.html
https://www.inmuebles24.com/propiedades/clasificado/veclcain-edificio-en-venta-colegio-bodega-escuela-hospital-149365031.html,32000000,"MN 32,000,000",MXN,venta,Casa,General Pedro María Anaya,Benito Juárez,Ciudad de México,2118.0,483.0,Publicado hace 127 días,2026-03-25T23:55:15Z,2026-07-30T06:11:22.396049+00:00,https://www.inmuebles24.com/casas-en-venta-en-benito-juarez-ordenado-por-fechaonline-descendente.html-pagina-12.html
https://www.inmuebles24.com/propiedades/clasificado/veclcain-excelente-casa-en-venta-para-oficinas-con-una-149221909.html,22050000,"MN 22,050,000",MXN,venta,Casa,Insurgentes San Borja,Benito Juárez,Ciudad de México,631.0,290.0,Publicado hace 142 días,2026-03-10T18:36:38Z,2026-07-30T06:11:22.396049+00:00,https://www.inmuebles24.com/casas-en-venta-en-benito-juarez-ordenado-por-fechaonline-descendente.html-pagina-12.html
https://www.inmuebles24.com/propiedades/clasificado/veclcain-hermosa-casa-en-venta-en-del-valle-149293645.html,11794000,"MN 11,794,000",MXN,venta,Casa,,Benito Juárez,Ciudad de México,204.0,155.0,Publicado hace 134 días,2026-03-18T17:43:27Z,2026-07-30T06:11:22.396049+00:00,https://www.inmuebles24.com/casas-en-venta-en-benito-juarez-ordenado-por-fechaonline-descendente.html-pagina-12.html
https://www.inmuebles24.com/propiedades/clasificado/veclcain-venta-casa-benito-juarez-en-zona-exclusiva-de-la-149370375.html,18900000,"MN 18,900,000",MXN,venta,Casa,Insurgentes San Borja,Benito Juárez,Ciudad de México,530.0,261.0,Publicado hace 126 días,2026-03-26T17:50:37Z,2026-07-30T06:11:22.396049+00:00,https://www.inmuebles24.com/casas-en-venta-en-benito-juarez-ordenado-por-fechaonline-descendente.html-pagina-12.html
https://www.inmuebles24.com/propiedades/clasificado/veclcain-amplia-casa-con-opcion-para-invertir-en-colonia-149178048.html,9570000,"MN 9,570,000",MXN,venta,Casa,Moderna,Benito Juárez,Ciudad de México,263.0,200.0,Publicado hace 146 días,2026-03-06T16:30:55Z,2026-07-30T06:11:22.396049+00:00,https://www.inmuebles24.com/casas-en-venta-en-benito-juarez-ordenado-por-fechaonline-descendente.html-pagina-13.html
https://www.inmuebles24.com/propiedades/clasificado/veclcain-bellisima-casa-en-torres-adalid-narvarte-319-m-sup2-148982317.html,11500000,"MN 11,500,000",MXN,venta,Casa,Narvarte Poniente,Benito Juárez,Ciudad de México,319.0,191.0,Publicado hace 163 días,2026-02-17T06:43:03Z,2026-07-30T06:11:22.396049+00:00,https://www.inmuebles24.com/casas-en-venta-en-benito-juarez-ordenado-por-fechaonline-descendente.html-pagina-13.html
https://www.inmuebles24.com/propiedades/clasificado/veclcain-casa-en-del-valle-sur-benito-juarez-149075170.html,12400000,"MN 12,400,000",MXN,venta,Casa,Del Valle Centro,Benito Juárez,Ciudad de México,270.0,199.0,Publicado hace 156 días,2026-02-24T23:39:08Z,2026-07-30T06:12:27.608267+00:00,https://www.inmuebles24.com/casas-en-venta-en-benito-juarez-ordenado-por-fechaonline-descendente.html-pagina-13.html
https://www.inmuebles24.com/propiedades/clasificado/veclcain-casa-en-venta-a-remodelar-en-vertiz-narvarte-149058449.html,11299000,"MN 11,299,000",MXN,venta,Casa,Vertiz Narvarte,Benito Juárez,Ciudad de México,290.0,141.0,Publicado hace 156 días,2026-02-24T17:48:41Z,2026-07-30T06:12:27.608267+00:00,https://www.inmuebles24.com/casas-en-venta-en-benito-juarez-ordenado-por-fechaonline-descendente.html-pagina-13.html
https://www.inmuebles24.com/propiedades/clasificado/veclcain-casa-en-venta-benito-juarez-148974400.html,8800000,"MN 8,800,000",MXN,venta,Casa,Periodista,Benito Juárez,Ciudad de México,220.0,170.0,Publicado hace 164 días,2026-02-16T17:22:30Z,2026-07-30T06:12:27.608267+00:00,https://www.inmuebles24.com/casas-en-venta-en-benito-juarez-ordenado-por-fechaonline-descendente.html-pagina-13.html
https://www.inmuebles24.com/propiedades/clasificado/veclcain-casa-en-venta-con-uso-de-suelo-en-colonia-del-valle-149169195.html,13800000,"MN 13,800,000",MXN,venta,Casa,Insurgentes San Borja,Benito Juárez,Ciudad de México,200.0,156.0,Publicado hace 147 días,2026-03-05T17:44:49Z,2026-07-30T06:12:27.608267+00:00,https://www.inmuebles24.com/casas-en-venta-en-benito-juarez-ordenado-por-fechaonline-descendente.html-pagina-13.html
https://www.inmuebles24.com/propiedades/clasificado/veclcain-casa-en-venta-en-col.-del-valle-sur-148986001.html,16999000,"MN 16,999,000",MXN,venta,Casa,Del Valle Sur,Benito Juárez,Ciudad de México,339.0,362.0,Publicado hace 163 días,2026-02-17T18:32:35Z,2026-07-30T06:12:27.608267+00:00,https://www.inmuebles24.com/casas-en-venta-en-benito-juarez-ordenado-por-fechaonline-descendente.html-pagina-13.html
https://www.inmuebles24.com/propiedades/clasificado/veclcain-casa-en-venta-en-extremadura-insurgentes-benito-149116340.html,15819946,"MN 15,819,946",MXN,venta,Casa,Insurgentes Mixcoac,Benito Juárez,Ciudad de México,154.0,154.0,Publicado hace 153 días,2026-02-28T04:39:30Z,2026-07-30T06:12:27.608267+00:00,https://www.inmuebles24.com/casas-en-venta-en-benito-juarez-ordenado-por-fechaonline-descendente.html-pagina-13.html
https://www.inmuebles24.com/propiedades/clasificado/veclcain-casa-en-venta-en-extremadura-insurgentes-benito-149123360.html,15819946,"MN 15,819,946",MXN,venta,Casa,Insurgentes Mixcoac,Benito Juárez,Ciudad de México,154.0,154.0,Publicado hace 151 días,2026-03-01T16:13:53Z,2026-07-30T06:12:27.608267+00:00,https://www.inmuebles24.com/casas-en-venta-en-benito-juarez-ordenado-por-fechaonline-descendente.html-pagina-13.html
https://www.inmuebles24.com/propiedades/clasificado/veclcain-casa-en-venta-en-luz-savinon-col.-del-valle-norte.-149131387.html,11794000,"MN 11,794,000",MXN,venta,Casa,Del Valle Norte,Benito Juárez,Ciudad de México,204.0,155.0,Publicado hace 150 días,2026-03-02T19:27:19Z,2026-07-30T06:12:27.608267+00:00,https://www.inmuebles24.com/casas-en-venta-en-benito-juarez-ordenado-por-fechaonline-descendente.html-pagina-13.html
https://www.inmuebles24.com/propiedades/clasificado/veclcain-casa-en-venta-en-nochebuena-149017752.html,16859990,"MN 16,859,990",MXN,venta,Casa,Nochebuena,Benito Juárez,Ciudad de México,350.0,160.0,Publicado hace 161 días,2026-02-19T23:44:33Z,2026-07-30T06:12:27.608267+00:00,https://www.inmuebles24.com/casas-en-venta-en-benito-juarez-ordenado-por-fechaonline-descendente.html-pagina-13.html
https://www.inmuebles24.com/propiedades/clasificado/veclcain-casa-en-venta-en-patricio-saenz-149152695.html,13000000,"MN 13,000,000",MXN,venta,Casa,,Benito Juárez,Ciudad de México,297.0,121.0,Publicado hace 148 días,2026-03-04T16:33:19Z,2026-07-30T06:12:27.608267+00:00,https://www.inmuebles24.com/casas-en-venta-en-benito-juarez-ordenado-por-fechaonline-descendente.html-pagina-13.html
https://www.inmuebles24.com/propiedades/clasificado/veclcain-casa-en-venta-en-patricio-saenz-149152696.html,13000000,"MN 13,000,000",MXN,venta,Casa,,Benito Juárez,Ciudad de México,297.0,121.0,Publicado hace 148 días,2026-03-04T16:33:19Z,2026-07-30T06:13:32.610314+00:00,https://www.inmuebles24.com/casas-en-venta-en-benito-juarez-ordenado-por-fechaonline-descendente.html-pagina-13.html
https://www.inmuebles24.com/propiedades/clasificado/veclcain-casa-en-venta-en-patricio-saenz-149152697.html,73896414,"USD 73,896,414",USD,venta,Casa,,Benito Juárez,Ciudad de México,297.0,121.0,Publicado hace 148 días,2026-03-04T16:33:19Z,2026-07-30T06:13:32.610314+00:00,https://www.inmuebles24.com/casas-en-venta-en-benito-juarez-ordenado-por-fechaonline-descendente.html-pagina-13.html
https://www.inmuebles24.com/propiedades/clasificado/veclcain-casa-en-venta-en-patricio-saenz-149152703.html,13000000,"MN 13,000,000",MXN,venta,Casa,,Benito Juárez,Ciudad de México,297.0,121.0,Publicado hace 148 días,2026-03-04T16:33:36Z,2026-07-30T06:13:32.610314+00:00,https://www.inmuebles24.com/casas-en-venta-en-benito-juarez-ordenado-por-fechaonline-descendente.html-pagina-13.html
https://www.inmuebles24.com/propiedades/clasificado/veclcain-casa-en-venta-en-san-jose-insurgentes-dos-casas-149102901.html,14500000,"MN 14,500,000",MXN,venta,Casa,San José Insurgentes,Benito Juárez,Ciudad de México,430.0,370.0,Publicado hace 154 días,2026-02-27T04:01:07Z,2026-07-30T06:13:32.610314+00:00,https://www.inmuebles24.com/casas-en-venta-en-benito-juarez-ordenado-por-fechaonline-descendente.html-pagina-13.html
https://www.inmuebles24.com/propiedades/clasificado/veclcain-casa-en-venta-excelente-ubicacion-y-diseno-149010229.html,18500,"MN 18,500",MXN,venta,Casa,Nochebuena,Benito Juárez,Ciudad de México,387.0,200.0,Publicado hace 161 días,2026-02-19T17:06:54Z,2026-07-30T06:13:32.610314+00:00,https://www.inmuebles24.com/casas-en-venta-en-benito-juarez-ordenado-por-fechaonline-descendente.html-pagina-13.html
https://www.inmuebles24.com/propiedades/clasificado/veclcain-casa-en-venta-nativitas-148974116.html,9250000,"MN 9,250,000",MXN,venta,Casa,Nativitas,Benito Juárez,Ciudad de México,310.0,220.0,Publicado hace 164 días,2026-02-16T17:08:06Z,2026-07-30T06:13:32.610314+00:00,https://www.inmuebles24.com/casas-en-venta-en-benito-juarez-ordenado-por-fechaonline-descendente.html-pagina-13.html
https://www.inmuebles24.com/propiedades/clasificado/veclcain-casa-en-venta-vertiz-narvarte-149061336.html,11060000,"MN 11,060,000",MXN,venta,Casa,Vertiz Narvarte,Benito Juárez,Ciudad de México,285.0,214.0,Publicado hace 156 días,2026-02-24T19:53:44Z,2026-07-30T06:13:32.610314+00:00,https://www.inmuebles24.com/casas-en-venta-en-benito-juarez-ordenado-por-fechaonline-descendente.html-pagina-13.html
https://www.inmuebles24.com/propiedades/clasificado/veclcain-casa-para-remodelar-en-una-excelente-ubicacion-149209192.html,22500000,"MN 22,500,000",MXN,venta,Casa,Nápoles,Benito Juárez,Ciudad de México,386.0,364.0,Publicado hace 143 días,2026-03-10T01:55:29Z,2026-07-30T06:13:32.610314+00:00,https://www.inmuebles24.com/casas-en-venta-en-benito-juarez-ordenado-por-fechaonline-descendente.html-pagina-13.html
https://www.inmuebles24.com/propiedades/clasificado/veclcain-casa-tipo-townhouse-en-venta-narvarte-oriente-con-roof-149196601.html,7290000,"MN 7,290,000",MXN,venta,Casa,Narvarte Oriente,Benito Juárez,Ciudad de México,117.0,37.0,Publicado hace 143 días,2026-03-09T14:59:20Z,2026-07-30T06:13:32.610314+00:00,https://www.inmuebles24.com/casas-en-venta-en-benito-juarez-ordenado-por-fechaonline-descendente.html-pagina-13.html
https://www.inmuebles24.com/propiedades/clasificado/veclcain-casa-venta-narvarte-poniente-4-149176082.html,11950000,"MN 11,950,000",MXN,venta,Casa,Narvarte Poniente,Benito Juárez,Ciudad de México,261.0,218.0,Publicado hace 147 días,2026-03-06T03:13:14Z,2026-07-30T06:13:32.610314+00:00,https://www.inmuebles24.com/casas-en-venta-en-benito-juarez-ordenado-por-fechaonline-descendente.html-pagina-13.html
https://www.inmuebles24.com/propiedades/clasificado/veclcain-gran-residencia-en-calle-cerrada-colonia-xoco-149152818.html,12400000,"MN 12,400,000",MXN,venta,Casa,Xoco,Benito Juárez,Ciudad de México,340.0,225.0,Publicado hace 148 días,2026-03-04T16:39:44Z,2026-07-30T06:14:31.185589+00:00,https://www.inmuebles24.com/casas-en-venta-en-benito-juarez-ordenado-por-fechaonline-descendente.html-pagina-13.html
https://www.inmuebles24.com/propiedades/clasificado/veclcain-hermosa-casa-en-venta-en-martin-mendalde-col.-del-149082626.html,15900000,"MN 15,900,000",MXN,venta,Casa,Del Valle Centro,Benito Juárez,Ciudad de México,157.0,224.0,Publicado hace 155 días,2026-02-25T18:12:31Z,2026-07-30T06:14:31.185589+00:00,https://www.inmuebles24.com/casas-en-venta-en-benito-juarez-ordenado-por-fechaonline-descendente.html-pagina-13.html
https://www.inmuebles24.com/propiedades/clasificado/veclcain-oportunidad-unica-casa-con-uso-de-suelo-para-149156410.html,8600000,"MN 8,600,000",MXN,venta,Casa,Narvarte Poniente,Benito Juárez,Ciudad de México,209.0,121.0,Publicado hace 148 días,2026-03-04T20:07:11Z,2026-07-30T06:14:31.185589+00:00,https://www.inmuebles24.com/casas-en-venta-en-benito-juarez-ordenado-por-fechaonline-descendente.html-pagina-13.html
https://www.inmuebles24.com/propiedades/clasificado/veclcain-propiedad-a-dos-cuadras-de-viaducto-y-a-una-cuadra-de-149106029.html,11500000,"MN 11,500,000",MXN,venta,Casa,Del Valle Norte,Benito Juárez,Ciudad de México,172.0,199.0,Publicado hace 153 días,2026-02-27T16:08:37Z,2026-07-30T06:14:31.185589+00:00,https://www.inmuebles24.com/casas-en-venta-en-benito-juarez-ordenado-por-fechaonline-descendente.html-pagina-13.html
https://www.inmuebles24.com/propiedades/clasificado/veclcain-san-jose-insurgentes-terreno-con-construccion-149003051.html,11500000,"MN 11,500,000",MXN,venta,Casa,San José Insurgentes,Benito Juárez,Ciudad de México,355.0,215.0,Publicado hace 162 días,2026-02-18T23:22:56Z,2026-07-30T06:14:31.185589+00:00,https://www.inmuebles24.com/casas-en-venta-en-benito-juarez-ordenado-por-fechaonline-descendente.html-pagina-13.html
https://www.inmuebles24.com/propiedades/clasificado/veclcain-venta-casa-322-m-sup2--en-col.-del-valle-norte-benito-149134462.html,15750000,"MN 15,750,000",MXN,venta,Casa,Del Valle Norte,Benito Juárez,Ciudad de México,224.0,322.0,Publicado hace 150 días,2026-03-02T22:18:25Z,2026-07-30T06:14:31.185589+00:00,https://www.inmuebles24.com/casas-en-venta-en-benito-juarez-ordenado-por-fechaonline-descendente.html-pagina-13.html
https://www.inmuebles24.com/propiedades/clasificado/veclcain-venta-casa-en-del-valle-centro-149048979.html,9450000,"MN 9,450,000",MXN,venta,Casa,Del Valle Centro,Benito Juárez,Ciudad de México,145.0,56.0,Publicado hace 157 días,2026-02-23T21:45:02Z,2026-07-30T06:14:31.185589+00:00,https://www.inmuebles24.com/casas-en-venta-en-benito-juarez-ordenado-por-fechaonline-descendente.html-pagina-13.html
https://www.inmuebles24.com/propiedades/clasificado/veclcapa-tu-nuevo-hogar-te-esta-esperando-149178248.html,10800000,"MN 10,800,000",MXN,venta,Casa,Narvarte Oriente,Benito Juárez,Ciudad de México,237.0,130.0,Publicado hace 146 días,2026-03-06T16:35:50Z,2026-07-30T06:14:31.185589+00:00,https://www.inmuebles24.com/casas-en-venta-en-benito-juarez-ordenado-por-fechaonline-descendente.html-pagina-13.html
https://www.inmuebles24.com/propiedades/clasificado/veclcain-casa-con-298-m-sup2--superficie-de-terreno-y-4-148646797.html,15300000,"MN 15,300,000",MXN,venta,Casa,Nochebuena,Benito Juárez,Ciudad de México,393.0,298.0,Publicado hace 197 días,2026-01-14T20:51:33Z,2026-07-30T06:14:31.185589+00:00,https://www.inmuebles24.com/casas-en-venta-en-benito-juarez-ordenado-por-fechaonline-descendente.html-pagina-14.html
https://www.inmuebles24.com/propiedades/clasificado/veclcain-casa-con-374-m-sup2--de-terreno-en-venta-en-narvarte-148790259.html,17100000,"MN 17,100,000",MXN,venta,Casa,Narvarte Poniente,Benito Juárez,Ciudad de México,370.0,374.0,Publicado hace 183 días,2026-01-28T19:35:23Z,2026-07-30T06:14:31.185589+00:00,https://www.inmuebles24.com/casas-en-venta-en-benito-juarez-ordenado-por-fechaonline-descendente.html-pagina-14.html
https://www.inmuebles24.com/propiedades/clasificado/veclcain-casa-con-jardin-en-venta-en-col.-san-jose-insurgentes-148944006.html,12490000,"MN 12,490,000",MXN,venta,Casa,San José Insurgentes,Benito Juárez,Ciudad de México,257,252,Publicado hace 168 días,2026-02-12T15:36:04Z,2026-07-30T06:15:01.135053+00:00,https://www.inmuebles24.com/casas-en-venta-en-benito-juarez-ordenado-por-fechaonline-descendente.html-pagina-14.html
https://www.inmuebles24.com/propiedades/clasificado/veclcain-casa-en-tajin-narvarte-oportunidad-ciudad-de-mexico-148789211.html,18500000,"MN 18,500,000",MXN,venta,Casa,Narvarte Oriente,Benito Juárez,Ciudad de México,450,350,Publicado hace 183 días,2026-01-28T18:37:56Z,2026-07-30T06:15:01.135053+00:00,https://www.inmuebles24.com/casas-en-venta-en-benito-juarez-ordenado-por-fechaonline-descendente.html-pagina-14.html
https://www.inmuebles24.com/propiedades/clasificado/veclcain-casa-en-venta-benito-juarez-148642175.html,19900000,"MN 19,900,000",MXN,venta,Casa,San Juan,Benito Juárez,Ciudad de México,675,361,Publicado hace 197 días,2026-01-14T13:04:54Z,2026-07-30T06:15:01.135053+00:00,https://www.inmuebles24.com/casas-en-venta-en-benito-juarez-ordenado-por-fechaonline-descendente.html-pagina-14.html
https://www.inmuebles24.com/propiedades/clasificado/veclcain-casa-en-venta-cerca-de-mitikah-y-de-coyoacan-148641537.html,12500000,"MN 12,500,000",MXN,venta,Casa,Letrán Valle,Benito Juárez,Ciudad de México,448,208,Publicado hace 198 días,2026-01-14T04:40:39Z,2026-07-30T06:15:01.135053+00:00,https://www.inmuebles24.com/casas-en-venta-en-benito-juarez-ordenado-por-fechaonline-descendente.html-pagina-14.html
https://www.inmuebles24.com/propiedades/clasificado/veclcain-casa-en-venta-colonia-del-valle-148942568.html,23750000,"MN 23,750,000",MXN,venta,Casa,Del Valle Centro,Benito Juárez,Ciudad de México,472,463,Publicado hace 168 días,2026-02-12T04:35:02Z,2026-07-30T06:15:01.135053+00:00,https://www.inmuebles24.com/casas-en-venta-en-benito-juarez-ordenado-por-fechaonline-descendente.html-pagina-14.html
